-- phpMyAdmin SQL Dump
-- version 5.2.1
-- https://www.phpmyadmin.net/
--
-- 主機： 127.0.0.1
-- 產生時間： 2024-06-06 07:52:37
-- 伺服器版本： 10.4.32-MariaDB
-- PHP 版本： 8.2.12

SET SQL_MODE = "NO_AUTO_VALUE_ON_ZERO";
START TRANSACTION;
SET time_zone = "+08:00";


/*!40101 SET @OLD_CHARACTER_SET_CLIENT=@@CHARACTER_SET_CLIENT */;
/*!40101 SET @OLD_CHARACTER_SET_RESULTS=@@CHARACTER_SET_RESULTS */;
/*!40101 SET @OLD_COLLATION_CONNECTION=@@COLLATION_CONNECTION */;
/*!40101 SET NAMES utf8mb4 */;



--
-- 資料表結構 `prod_brands`
--

CREATE TABLE `prod_brands` (
  `id` int(7) NOT NULL,
  `name` varchar(255) NOT NULL
) ENGINE=InnoDB DEFAULT CHARSET=utf8mb4 COLLATE=utf8mb4_unicode_ci;

--
-- 傾印資料表的資料 `prod_brands`
--

INSERT INTO `prod_brands` (`id`, `name`) VALUES
(1, 'Farmina 法米納'),
(2, 'go!'),
(3, 'Hyperr 超躍'),
(4, 'HALO 嘿囉'),
(5, 'Nurture PRO 天然密碼'),
(6, 'now'),
(7, 'Orijen 歐睿健'),
(8, 'ZiwiPeak 巔峰'),
(9, '優格'),
(10, '本牧'),
(11, '尊爵'),
(12, '莫比'),
(13, '紐頓'),
(14, '洛特夫'),
(15, '紐崔斯'),
(16, '柏萊富'),
(17, 'K9 Natural'),
(18, 'ACANA愛肯拿'),
(19, '第一饗宴'),
(20, '法國皇家'),
(21, '自然邏輯'),
(22, '小犬威利'),
(23, '陪心寵糧'),
(24, '汪喵星球'),
(25, '沙發馬鈴薯');

-- --------------------------------------------------------

--
-- 資料表結構 `prod_categories`
--

CREATE TABLE `prod_categories` (
  `id` int(6) UNSIGNED NOT NULL,
  `name` varchar(20) NOT NULL
) ENGINE=InnoDB DEFAULT CHARSET=utf8mb4 COLLATE=utf8mb4_unicode_ci;

--
-- 傾印資料表的資料 `prod_categories`
--

INSERT INTO `prod_categories` (`id`, `name`) VALUES
(1, '飼料'),
(2, '零食'),
(3, '罐頭'),
(4, '玩具'),
(5, '保健'),
(6, '外出');

-- --------------------------------------------------------

--
-- 資料表結構 `prod_images`
--

CREATE TABLE `prod_images` (
  `id` bigint(11) NOT NULL,
  `prod_id` bigint(12) DEFAULT NULL,
  `image_name` varchar(255) NOT NULL
) ENGINE=InnoDB DEFAULT CHARSET=utf8mb4 COLLATE=utf8mb4_unicode_ci;

--
-- 傾印資料表的資料 `prod_images`
--

INSERT INTO `prod_images` (`id`, `prod_id`, `image_name`) VALUES
(1, 1, 'product_id1.jpg'),
(2, 2, 'product_id2.jpg'),
(3, 3, 'product_id3.jpg'),
(4, 4, 'product_id4.jpg'),
(5, 5, 'product_id5.jpg'),
(6, 6, 'product_id6.jpg'),
(7, 7, 'product_id7.jpg'),
(8, 8, 'product_id8.jpg'),
(9, 9, 'product_id9.jpg'),
(10, 10, 'product_id10.jpg'),
(11, 11, 'product_id11.jpg'),
(12, 12, 'product_id12.jpg'),
(13, 13, 'product_id13.jpg'),
(14, 14, 'product_id14.jpg'),
(15, 15, 'product_id15.jpg'),
(16, 16, 'product_id16.jpg'),
(17, 17, 'product_id17.jpg'),
(18, 18, 'product_id18.jpg'),
(19, 19, 'product_id19.jpg'),
(20, 20, 'product_id20.jpg'),
(21, 21, 'product_id21.jpg'),
(22, 22, 'product_id22.jpg'),
(23, 23, 'product_id23.jpg'),
(24, 24, 'product_id24.jpg'),
(25, 25, 'product_id25.jpg'),
(26, 26, 'product_id26.jpg'),
(27, 27, 'product_id27.jpg'),
(28, 28, 'product_id28.jpg'),
(29, 29, 'product_id29.jpg'),
(30, 30, 'product_id30.jpg'),
(31, 31, 'product_id31.jpg'),
(32, 32, 'product_id32.jpg'),
(33, 33, 'product_id33.jpg'),
(34, 34, 'product_id34.jpg'),
(35, 35, 'product_id35.jpg'),
(36, 36, 'product_id36.jpg'),
(37, 37, 'product_id37.jpg'),
(38, 38, 'product_id38.jpg'),
(39, 39, 'product_id39.jpg'),
(40, 40, 'product_id40.jpg'),
(41, 41, 'product_id41.jpg'),
(42, 42, 'product_id42.jpg'),
(43, 43, 'product_id43.jpg'),
(44, 44, 'product_id44.jpg'),
(45, 45, 'product_id45.jpg'),
(46, 46, 'product_id46.jpg'),
(47, 47, 'product_id47.jpg'),
(48, 48, 'product_id48.jpg'),
(49, 49, 'product_id49.jpg'),
(50, 50, 'product_id50.jpg'),
(51, 51, 'product_id51.jpg'),
(52, 52, 'product_id52.jpg'),
(53, 53, 'product_id53.jpg'),
(54, 54, 'product_id54.jpg'),
(55, 55, 'product_id55.jpg'),
(56, 56, 'product_id56.jpg'),
(57, 57, 'product_id57.jpg'),
(58, 58, 'product_id58.jpg'),
(59, 59, 'product_id59.jpg'),
(60, 60, 'product_id60.jpg'),
(61, 61, 'product_id61.jpg'),
(62, 62, 'product_id62.jpg'),
(63, 63, 'product_id63.jpg'),
(64, 64, 'product_id64.jpg'),
(65, 65, 'product_id65.jpg'),
(66, 66, 'product_id66.jpg'),
(67, 67, 'product_id67.jpg'),
(68, 68, 'product_id68.jpg'),
(69, 69, 'product_id69.jpg'),
(70, 70, 'product_id70.jpg'),
(71, 71, 'product_id71.jpg'),
(72, 72, 'product_id72.jpg'),
(73, 73, 'product_id73.jpg'),
(74, 74, 'product_id74.jpg'),
(75, 75, 'product_id75.jpg'),
(76, 76, 'product_id76.jpg'),
(77, 77, 'product_id77.jpg'),
(78, 78, 'product_id78.jpg'),
(79, 79, 'product_id79.jpg'),
(80, 80, 'product_id80.jpg'),
(81, 81, 'product_id81.jpg'),
(82, 82, 'product_id82.jpg'),
(83, 83, 'product_id83.jpg'),
(84, 84, 'product_id84.jpg'),
(85, 85, 'product_id85.jpg'),
(86, 86, 'product_id86.jpg'),
(87, 87, 'product_id87.jpg'),
(88, 88, 'product_id88.jpg'),
(89, 89, 'product_id89.jpg'),
(90, 90, 'product_id90.jpg'),
(91, 91, 'product_id91.jpg'),
(92, 92, 'product_id92.jpg'),
(93, 93, 'product_id93.jpg'),
(94, 94, 'product_id94.jpg'),
(95, 95, 'product_id95.jpg'),
(96, 96, 'product_id96.jpg'),
(97, 97, 'product_id97.jpg'),
(98, 98, 'product_id98.jpg'),
(99, 99, 'product_id99.jpg'),
(100, 100, 'product_id100.jpg'),
(101, 101, 'product_id101.jpg'),
(102, 102, 'product_id102.jpg'),
(103, 103, 'product_id103.jpg'),
(104, 104, 'product_id104.jpg'),
(105, 105, 'product_id105.jpg'),
(106, 106, 'product_id106.jpg'),
(107, 107, 'product_id107.jpg'),
(108, 108, 'product_id108.jpg'),
(109, 109, 'product_id109.jpg'),
(110, 110, 'product_id110.jpg'),
(111, 111, 'product_id111.jpg'),
(112, 112, 'product_id112.jpg'),
(113, 113, 'product_id113.jpg'),
(114, 114, 'product_id114.jpg'),
(115, 115, 'product_id115.jpg'),
(116, 116, 'product_id116.jpg'),
(117, 117, 'product_id117.jpg'),
(118, 118, 'product_id118.jpg'),
(119, 119, 'product_id119.jpg'),
(120, 120, 'product_id120.jpg'),
(121, 121, 'product_id121.jpg'),
(122, 122, 'product_id122.jpg'),
(123, 123, 'product_id123.jpg'),
(124, 124, 'product_id124.jpg'),
(125, 125, 'product_id125.jpg'),
(126, 126, 'product_id126.jpg'),
(127, 127, 'product_id127.jpg'),
(128, 128, 'product_id128.jpg'),
(129, 129, 'product_id129.jpg'),
(130, 130, 'product_id130.jpg'),
(131, 131, 'product_id131.jpg'),
(132, 132, 'product_id132.jpg'),
(133, 133, 'product_id133.jpg'),
(134, 134, 'product_id134.jpg'),
(135, 135, 'product_id135.jpg'),
(136, 136, 'product_id136.jpg'),
(137, 137, 'product_id137.jpg'),
(138, 138, 'product_id138.jpg'),
(139, 139, 'product_id139.jpg'),
(140, 140, 'product_id140.jpg'),
(141, 141, 'product_id141.jpg'),
(142, 142, 'product_id142.jpg'),
(143, 143, 'product_id143.jpg'),
(144, 144, 'product_id144.jpg'),
(145, 145, 'product_id145.jpg'),
(146, 146, 'product_id146.jpg'),
(147, 147, 'product_id147.jpg'),
(148, 148, 'product_id148.jpg'),
(149, 149, 'product_id149.jpg'),
(150, 150, 'product_id150.jpg'),
(151, 151, 'product_id151.jpg'),
(152, 152, 'product_id152.jpg'),
(153, 153, 'product_id153.jpg'),
(154, 154, 'product_id154.jpg'),
(155, 155, 'product_id155.jpg'),
(156, 156, 'product_id156.jpg'),
(157, 157, 'product_id157.jpg'),
(158, 158, 'product_id158.jpg'),
(159, 159, 'product_id159.jpg'),
(160, 160, 'product_id160.jpg'),
(161, 161, 'product_id161.jpg'),
(162, 162, 'product_id162.jpg'),
(163, 163, 'product_id163.jpg'),
(164, 164, 'product_id164.jpg'),
(165, 165, 'product_id165.jpg'),
(166, 166, 'product_id166.jpg'),
(167, 167, 'product_id167.jpg'),
(168, 168, 'product_id168.jpg'),
(169, 169, 'product_id169.jpg'),
(170, 170, 'product_id170.jpg'),
(171, 171, 'product_id171.jpg'),
(172, 172, 'product_id172.jpg'),
(173, 173, 'product_id173.jpg'),
(174, 174, 'product_id174.jpg'),
(175, 175, 'product_id175.jpg'),
(176, 176, 'product_id176.jpg'),
(177, 177, 'product_id177.jpg'),
(178, 178, 'product_id178.jpg'),
(179, 179, 'product_id179.jpg'),
(180, 180, 'product_id180.jpg'),
(181, 181, 'product_id181.jpg'),
(182, 182, 'product_id182.jpg'),
(183, 183, 'product_id183.jpg'),
(184, 184, 'product_id184.jpg'),
(185, 185, 'product_id185.jpg'),
(186, 186, 'product_id186.jpg'),
(187, 187, 'product_id187.jpg'),
(188, 188, 'product_id188.jpg'),
(189, 189, 'product_id189.jpg'),
(190, 190, 'product_id190.jpg'),
(191, 191, 'product_id191.jpg'),
(192, 192, 'product_id192.jpg'),
(193, 193, 'product_id193.jpg'),
(194, 194, 'product_id194.jpg'),
(195, 195, 'product_id195.jpg'),
(196, 196, 'product_id196.jpg'),
(197, 197, 'product_id197.jpg'),
(198, 198, 'product_id198.jpg'),
(199, 199, 'product_id199.jpg'),
(200, 200, 'product_id200.jpg'),
(201, 201, 'product_id201.jpg'),
(202, 202, 'product_id202.jpg'),
(203, 203, 'product_id203.jpg'),
(204, 204, 'product_id204.jpg'),
(205, 205, 'product_id205.jpg'),
(206, 206, 'product_id206.jpg'),
(207, 207, 'product_id207.jpg'),
(208, 208, 'product_id208.jpg'),
(209, 209, 'product_id209.jpg'),
(210, 210, 'product_id210.jpg'),
(211, 211, 'product_id211.jpg'),
(212, 212, 'product_id212.jpg'),
(213, 213, 'product_id213.jpg'),
(214, 214, 'product_id214.jpg'),
(215, 215, 'product_id215.jpg'),
(216, 216, 'product_id216.jpg'),
(217, 217, 'product_id217.jpg'),
(218, 218, 'product_id218.jpg'),
(219, 219, 'product_id219.jpg'),
(220, 220, 'product_id220.jpg'),
(221, 221, 'product_id221.jpg'),
(222, 222, 'product_id222.jpg'),
(223, 223, 'product_id223.jpg'),
(224, 224, 'product_id224.jpg'),
(225, 225, 'product_id225.jpg'),
(226, 226, 'product_id226.jpg'),
(227, 227, 'product_id227.jpg'),
(228, 228, 'product_id228.jpg'),
(229, 229, 'product_id229.jpg'),
(230, 230, 'product_id230.jpg'),
(231, 231, 'product_id231.jpg'),
(232, 232, 'product_id232.jpg'),
(233, 233, 'product_id233.jpg'),
(234, 234, 'product_id234.jpg'),
(235, 235, 'product_id235.jpg'),
(236, 236, 'product_id236.jpg'),
(237, 237, 'product_id237.jpg'),
(238, 238, 'product_id238.jpg'),
(239, 239, 'product_id239.jpg'),
(240, 240, 'product_id240.jpg'),
(241, 241, 'product_id241.jpg'),
(242, 242, 'product_id242.jpg'),
(243, 243, 'product_id243.jpg'),
(244, 244, 'product_id244.jpg'),
(245, 245, 'product_id245.jpg'),
(246, 246, 'product_id246.jpg'),
(247, 247, 'product_id247.jpg'),
(248, 248, 'product_id248.jpg'),
(249, 249, 'product_id249.jpg'),
(250, 250, 'product_id250.jpg'),
(251, 251, 'product_id251.jpg'),
(252, 252, 'product_id252.jpg'),
(253, 253, 'product_id253.jpg'),
(254, 254, 'product_id254.jpg'),
(255, 255, 'product_id255.jpg'),
(256, 256, 'product_id256.jpg'),
(257, 257, 'product_id257.jpg'),
(258, 258, 'product_id258.jpg'),
(259, 259, 'product_id259.jpg'),
(260, 260, 'product_id260.jpg'),
(261, 261, 'product_id261.jpg'),
(262, 262, 'product_id262.jpg'),
(263, 263, 'product_id263.jpg'),
(264, 264, 'product_id264.jpg'),
(265, 265, 'product_id265.jpg'),
(266, 266, 'product_id266.jpg'),
(267, 267, 'product_id267.jpg'),
(268, 268, 'product_id268.jpg'),
(269, 269, 'product_id269.jpg'),
(270, 270, 'product_id270.jpg'),
(271, 271, 'product_id271.jpg'),
(272, 272, 'product_id272.jpg'),
(273, 273, 'product_id273.jpg'),
(274, 274, 'product_id274.jpg'),
(275, 275, 'product_id275.jpg'),
(276, 276, 'product_id276.jpg'),
(277, 277, 'product_id277.jpg'),
(278, 278, 'product_id278.jpg'),
(279, 279, 'product_id279.jpg'),
(280, 280, 'product_id280.jpg'),
(281, 281, 'product_id281.jpg'),
(282, 282, 'product_id282.jpg'),
(283, 283, 'product_id283.jpg'),
(284, 284, 'product_id284.jpg'),
(285, 285, 'product_id285.jpg'),
(286, 286, 'product_id286.jpg'),
(287, 287, 'product_id287.jpg'),
(288, 288, 'product_id288.jpg'),
(289, 289, 'product_id289.jpg'),
(290, 290, 'product_id290.jpg'),
(291, 291, 'product_id291.jpg'),
(292, 292, 'product_id292.jpg'),
(293, 293, 'product_id293.jpg'),
(294, 294, 'product_id294.jpg'),
(295, 295, 'product_id295.jpg'),
(296, 296, 'product_id296.jpg'),
(297, 297, 'product_id297.jpg'),
(298, 298, 'product_id298.jpg'),
(299, 299, 'product_id299.jpg'),
(300, 300, 'product_id300.jpg'),
(301, 301, 'product_id301.jpg'),
(302, 302, 'product_id302.jpg'),
(303, 303, 'product_id303.jpg'),
(304, 304, 'product_id304.jpg'),
(305, 305, 'product_id305.jpg'),
(306, 306, 'product_id306.jpg'),
(307, 307, 'product_id307.jpg'),
(308, 308, 'product_id308.jpg'),
(309, 309, 'product_id309.jpg'),
(310, 310, 'product_id310.jpg'),
(311, 311, 'product_id311.jpg'),
(312, 312, 'product_id312.jpg'),
(313, 313, 'product_id313.jpg'),
(314, 314, 'product_id314.jpg'),
(315, 315, 'product_id315.jpg'),
(316, 316, 'product_id316.jpg'),
(317, 317, 'product_id317.jpg'),
(318, 318, 'product_id318.jpg'),
(319, 319, 'product_id319.jpg'),
(320, 320, 'product_id320.jpg'),
(321, 321, 'product_id321.jpg'),
(322, 322, 'product_id322.jpg'),
(323, 323, 'product_id323.jpg'),
(324, 324, 'product_id324.jpg'),
(325, 325, 'product_id325.jpg'),
(326, 326, 'product_id326.jpg'),
(327, 327, 'product_id327.jpg'),
(328, 328, 'product_id328.jpg'),
(329, 329, 'product_id329.jpg'),
(330, 330, 'product_id330.jpg'),
(331, 331, 'product_id331.jpg'),
(332, 332, 'product_id332.jpg'),
(333, 333, 'product_id333.jpg'),
(334, 334, 'product_id334.jpg'),
(335, 335, 'product_id335.jpg'),
(336, 336, 'product_id336.jpg'),
(337, 337, 'product_id337.jpg'),
(338, 338, 'product_id338.jpg'),
(339, 339, 'product_id339.jpg'),
(340, 340, 'product_id340.jpg'),
(341, 341, 'product_id341.jpg'),
(347, 348, 'product_id348a.png'),
(350, 350, 'product_id350a.png'),
(372, 354, 'product_id354a.png'),
(373, 354, 'product_id354b.png'),
(374, 354, 'product_id354c.png'),
(376, 347, 'product_id347a.png');

-- --------------------------------------------------------

--
-- 資料表結構 `products`
--

CREATE TABLE `products` (
  `id` bigint(11) NOT NULL,
  `name` varchar(255) NOT NULL,
  `description` varchar(255) NOT NULL,
  `category_id` int(6) NOT NULL,
  `brand_id` int(7) DEFAULT NULL,
  `price` int(7) NOT NULL,
  `on_shelves_time` datetime NOT NULL,
  `stock` int(6) NOT NULL,
  `valid` tinyint(1) NOT NULL
) ENGINE=InnoDB DEFAULT CHARSET=utf8mb4 COLLATE=utf8mb4_unicode_ci;

--
-- 傾印資料表的資料 `products`
--

INSERT INTO `products` (`prod_id`, `name`, `description`, `category_id`, `brand_id`, `price`, `on_shelves_time`, `stock`, `valid`) VALUES
(1, 'Farmina 法米納VD-4 Vet Life 犬用腸胃道配方', '針對腸胃問題設計，幫助舒緩犬隻消化不良、腹瀉等腸胃不適。', 1, 1, 1190, '2024-03-02 00:00:00', 44, 0),
(2, 'Farmina 法米納VD-5 Vet Life 犬用肝臟配方', '特別針對肝臟疾病的犬隻設計，促進肝功能健康。', 1, 1, 1190, '2024-03-22 00:00:00', 74, 0),
(3, 'Farmina 法米納VD-6 Vet Life 犬用泌尿道磷酸銨鎂結石配方', '預防和管理磷酸銨鎂結石，維持泌尿系統健康。', 1, 1, 1190, '2024-02-19 00:00:00', 76, 0),
(4, 'Farmina 法米納VD-8 Vet Life 犬用草酸鈣結石配方', '針對草酸鈣結石問題設計，幫助防止結石形成。', 1, 1, 1190, '2024-02-19 00:00:00', 52, 0),
(5, 'Farmina 法米納VD-9 Vet Life 犬用腎臟配方', '支持腎臟功能，適合有腎臟疾病的犬隻。', 1, 1, 1190, '2024-01-25 00:00:00', 84, 0),
(6, 'Farmina 法米納VD-10 Vet Life 犬用心血管配方', '促進心血管健康，幫助維持犬隻心臟功能。', 1, 1, 1190, '2024-02-01 00:00:00', 5, 0),
(7, 'Farmina 法米納VD-11 Vet Life 犬用體重控制配方', '幫助犬隻控制體重，適合容易肥胖的犬隻。', 1, 1, 1190, '2024-01-05 00:00:00', 55, 0),
(8, 'Farmina 法米納VD-12 Vet Life 犬用血糖管理配方', '幫助管理犬隻血糖水平，適合有糖尿病風險的犬隻。', 1, 1, 1190, '2024-01-23 00:00:00', 80, 0),
(9, 'Farmina 法米納VD-13 Vet Life 犬用極低敏(水解蛋白)配方', '針對過敏犬隻設計，使用水解蛋白降低過敏反應。', 1, 1, 1680, '2024-03-02 00:00:00', 81, 0),
(10, 'Farmina 法米納VD-14 Vet Life 犬用低敏配方(魚肉+地瓜)', '低敏配方，使用魚肉和地瓜，適合敏感體質犬隻。', 1, 1, 1290, '2024-02-09 00:00:00', 6, 0),
(11, 'Farmina 法米納VD-15 Vet Life 犬用低敏配方(雞蛋+白米)', '低敏配方，使用雞蛋和白米，減少過敏風險。', 1, 1, 1290, '2024-03-18 00:00:00', 25, 0),
(12, '洛特夫犬用 紐西蘭風乾主食糧 - 牛肉', '選用來自紐西蘭的頂級草飼牛肉，通過先進的風乾技術保留肉類的天然風味和營養成分。', 1, 14, 1825, '2024-04-30 00:00:00', 34, 0),
(13, 'ZiwiPeak 巔峰96% 鮮肉犬糧 - 牛肉', '高肉含量，使用新鮮牛肉製作，適合各類犬隻。', 1, 8, 1990, '2024-01-29 00:00:00', 81, 0),
(14, 'ZiwiPeak 巔峰96% 鮮肉犬糧 - 羊肚羊肉', '含有豐富的羊肉和羊肚，提供全面營養。', 1, 8, 1990, '2024-01-31 00:00:00', 85, 0),
(15, 'ZiwiPeak 巔峰96% 鮮肉犬糧 - 鯖魚羊肉', '結合鯖魚和羊肉，提供優質蛋白和Omega-3脂肪酸。', 1, 8, 2200, '2024-04-11 00:00:00', 38, 0),
(16, 'ZiwiPeak 巔峰96% 鮮肉犬糧 - 鹿肉', '使用優質鹿肉，適合敏感體質犬隻。', 1, 8, 3190, '2024-02-28 00:00:00', 87, 0),
(17, 'ZiwiPeak 巔峰96% 鮮肉犬糧 - 羊肉', '高含量羊肉配方，適合各階段犬隻。', 1, 8, 1990, '2024-05-25 00:00:00', 98, 0),
(18, 'ZiwiPeak 巔峰96% 鮮肉犬糧 - 放牧雞肉', '使用自由放養雞肉，提供高品質營養。', 1, 8, 1990, '2024-01-19 00:00:00', 14, 0),
(19, '優格幼犬 經典系列乾糧 - 羊肉 (聰明成長配方)', '針對幼犬設計，含有豐富的羊肉，促進健康成長。', 1, 9, 1226, '2024-02-06 00:00:00', 50, 0),
(20, '優格成犬 經典系列乾糧 - 雞肉 (高適口性配方)', '使用優質雞肉，適合成犬食用，提升適口性。', 1, 9, 1226, '2024-03-18 00:00:00', 18, 0),
(21, '優格成犬 經典系列乾糧 - 小顆粒羊肉 (毛髮柔亮配方)', '小顆粒設計，富含羊肉，促進毛髮健康。', 1, 9, 1226, '2024-02-13 00:00:00', 7, 0),
(22, '優格成犬 經典系列乾糧 - 大顆粒羊肉 (骨關節強化配方)', '大顆粒設計，富含羊肉，有助於骨關節健康。', 1, 9, 1226, '2024-05-20 00:00:00', 25, 0),
(23, '優格高齡犬 經典系列乾糧 - 鮭魚 (熟齡養生配方)', '含有豐富的鮭魚，適合高齡犬隻，促進健康老齡化。', 1, 9, 1511, '2024-04-16 00:00:00', 80, 0),
(24, '優格全齡犬 零穀系列乾糧 - 5種魚 (晶亮護毛配方)', '使用五種魚肉製成，適合所有年齡段犬隻，促進毛髮健康。', 1, 9, 1612, '2024-04-03 00:00:00', 28, 0),
(25, '優格室內成犬 零穀系列乾糧 - 小顆粒雞肉 (體重管理配方)', '針對室內成犬設計，小顆粒雞肉配方，有助於體重管理。', 1, 9, 1612, '2024-03-13 00:00:00', 5, 0),
(26, '優格成犬 親親食譜乾糧 - 腸胃敏感低脂配方', '低脂肪設計，幫助腸胃敏感的犬隻維持健康。', 1, 9, 1720, '2024-05-08 00:00:00', 21, 0),
(27, '優格高齡犬 經典系列乾糧 - 羊肉 (高纖低脂配方)', '高纖維、低脂肪，適合高齡犬隻，有助於消化健康。', 1, 9, 1226, '2024-02-10 00:00:00', 66, 0),
(28, '優格幼犬 經典系列乾糧 - 鮭魚 (敏感膚質配方)', '含有豐富的鮭魚，適合敏感皮膚的幼犬。', 1, 9, 1511, '2024-02-06 00:00:00', 67, 0),
(29, '優格全齡犬 零穀系列乾糧 - 羊肉+鮭魚 (敏感配方)', '使用羊肉和鮭魚，適合敏感體質的全齡犬。', 1, 9, 1612, '2024-03-09 00:00:00', 91, 0),
(30, '法國皇家SHN 健康體型乾糧 – MP 中型幼犬', '專為中型幼犬設計，提供全面營養，促進健康成長。', 1, 20, 1050, '2024-02-21 00:00:00', 90, 0),
(31, '法國皇家SHN 健康體型乾糧 – MXP 大型幼犬', '針對大型幼犬設計，幫助支持健康骨骼和肌肉發展。', 1, 20, 1050, '2024-02-25 00:00:00', 12, 0),
(32, '法國皇家SHN 健康體型乾糧 – MNA 小型成犬', '適合小型成犬食用，提供均衡營養。', 1, 20, 660, '2024-01-02 00:00:00', 67, 0),
(33, '法國皇家SHN 健康體型乾糧 – MNINA 小型室內成犬', '特別針對室內小型成犬設計，維持理想體型和健康。', 1, 20, 1050, '2024-01-07 00:00:00', 33, 0),
(34, '法國皇家SHN 健康體型乾糧 – MNA+8 小型熟齡犬8+歲', '適合8歲以上的小型熟齡犬，支持健康老化。', 1, 20, 660, '2024-01-01 00:00:00', 72, 0),
(35, '法國皇家SHN 健康體型乾糧 – MA 中型成犬', '為中型成犬提供完整營養，維持健康體態。', 1, 20, 1050, '2024-04-30 00:00:00', 12, 0),
(36, '法國皇家SHN 健康體型乾糧 – M+7 中型熟齡犬7+歲', '適合7歲以上的中型熟齡犬，促進健康老化。', 1, 20, 1050, '2024-05-03 00:00:00', 69, 0),
(37, '法國皇家SHN 健康體型乾糧 – MXA 大型成犬', '為大型成犬設計，提供全面營養支持。', 1, 20, 1050, '2024-01-16 00:00:00', 65, 0),
(38, '法國皇家CCN 敏感保健乾糧 - UMN 泌尿保健 小型成犬', '幫助小型成犬維持泌尿系統健康。', 1, 20, 1112, '2024-03-15 00:00:00', 61, 0),
(39, '法國皇家CCN 敏感保健乾糧 - DGMN 腸胃保健 小型成犬', '針對腸胃敏感的小型成犬，提供腸胃健康支持。', 1, 20, 1112, '2024-04-20 00:00:00', 75, 0),
(40, '法國皇家CCN 敏感保健乾糧 - LWMN 體重控制 小型成犬', '幫助小型成犬控制體重，維持健康體態。', 1, 20, 1112, '2024-05-17 00:00:00', 26, 0),
(41, '法國皇家CCN 敏感保健乾糧 - DMMN 皮膚保健 小型成犬', '特別針對皮膚敏感的小型成犬，促進皮膚健康。', 1, 20, 1112, '2024-04-02 00:00:00', 36, 0),
(42, '法國皇家CCN 敏感保健乾糧 - DMMX 皮膚保健 大型成犬', '為大型成犬設計，提供皮膚健康支持。', 1, 20, 893, '2024-03-05 00:00:00', 43, 0),
(43, '法國皇家CCN 敏感保健乾糧 - DMM 皮膚保健 中型成犬', '中型成犬皮膚保健配方，幫助維持健康皮膚。', 1, 20, 893, '2024-04-17 00:00:00', 27, 0),
(44, '自然邏輯犬用卓越無穀無豆天然糧 ', '無穀無豆配方，提供多種口味，適合各類犬隻。', 1, 21, 1280, '2024-01-26 00:00:00', 92, 0),
(45, 'Orijen 歐睿健鮮雞小型幼犬 無榖配方', '使用新鮮雞肉，針對小型幼犬設計，提供高蛋白和全面營養。', 1, 7, 2499, '2024-02-15 00:00:00', 47, 0),
(46, 'Orijen 歐睿健海洋魚小型犬 無榖配方', '專為小型犬設計的無榖配方，主要成分是海洋魚，提供豐富的蛋白質和Omega-3脂肪酸，支持健康皮膚和光澤毛髮。', 1, 7, 2499, '2024-02-10 00:00:00', 51, 0),
(47, 'Hyperr 超躍98%冷凍乾燥生食餐 - 犬用 ', '含有98%高品質肉類的冷凍乾燥生食餐，有多種口味，提供全面營養。', 1, 3, 1430, '2024-04-11 00:00:00', 66, 0),
(48, '紐崔斯SUBZERO 黑鑽頂級無穀凍乾糧 - 小型犬 火雞肉X雞肉X鮭魚', '專為小型犬設計的無穀凍乾糧，混合了火雞肉、雞肉和鮭魚，提供均衡營養。', 1, 15, 2556, '2024-01-17 00:00:00', 40, 0),
(49, '紐崔斯SUBZERO 黑鑽頂級無穀凍乾糧 - 全齡犬 火雞肉X雞肉X鮭魚', '適合全齡犬的無穀凍乾糧，含火雞肉、雞肉和鮭魚，提供高品質蛋白質。', 1, 15, 474, '2024-01-13 00:00:00', 77, 0),
(50, '紐崔斯SUBZERO 黑鑽頂級無穀凍乾糧 - 全齡犬 七種海洋魚', '適合全齡犬的無穀凍乾糧，主要成分為七種海洋魚，富含Omega-3脂肪酸，支持心臟和關節健康。', 1, 15, 2971, '2024-01-24 00:00:00', 61, 0),
(51, '紐崔斯無穀養生犬用乾糧 – 小型犬 火雞肉X雞肉X鯡魚', '無穀配方的犬用乾糧，混合火雞肉、雞肉和鯡魚，專為小型犬設計，促進健康的消化系統。', 1, 15, 1967, '2024-05-14 00:00:00', 59, 0),
(52, '紐崔斯無穀養生犬用乾糧 – 全齡犬 火雞肉X雞肉X鯡魚', '適合全齡犬的無穀配方乾糧，含火雞肉、雞肉和鯡魚，提供均衡營養。', 1, 15, 3926, '2024-02-19 00:00:00', 89, 0),
(53, '紐崔斯無穀養生犬用乾糧 – 全齡犬 六種魚', '無穀配方的全齡犬乾糧，含有六種魚，提供豐富的Omega-3和高品質蛋白質。', 1, 15, 4316, '2024-05-22 00:00:00', 19, 0),
(54, '紐崔斯INFUSION 天然犬用糧 - 幼犬 雞肉', '天然雞肉配方，專為幼犬設計，提供全面均衡的營養，支持健康成長。', 1, 15, 963, '2024-02-14 00:00:00', 57, 0),
(55, '紐崔斯INFUSION 天然犬用糧 - 小型成犬 雞肉', '專為小型成犬設計的天然雞肉配方，支持日常活動和健康。', 1, 15, 1785, '2024-04-19 00:00:00', 4, 0),
(56, '紐崔斯INFUSION 天然犬用糧 - 成犬 雞肉', '成犬專用的天然雞肉配方，提供均衡的營養，維持健康的體態。', 1, 15, 3154, '2024-03-04 00:00:00', 7, 0),
(57, '紐崔斯INFUSION 天然犬用糧 - 成犬 牛肉X豬肉', '含牛肉和豬肉的成犬配方，提供豐富蛋白質和多種營養素，促進健康。', 1, 15, 1785, '2024-03-03 00:00:00', 19, 0),
(58, '紐崔斯田園犬用糧 – 幼母犬 雞肉', '專為幼母犬設計的雞肉配方，支持健康成長和發育。', 1, 15, 2615, '2024-04-26 00:00:00', 38, 0),
(59, '紐崔斯田園犬用糧 – 小型成犬 雞肉', '適合小型成犬的雞肉配方，提供均衡營養和健康支持。', 1, 15, 1287, '2024-01-22 00:00:00', 97, 0),
(60, '紐崔斯田園犬用糧 – 成犬 雞肉', '成犬專用的雞肉配方，提供全面營養，支持日常健康。', 1, 15, 2615, '2024-04-30 00:00:00', 66, 0),
(61, '紐崔斯CARE+ 頂級無穀犬用處方糧 – 口腔護理', '專為狗狗口腔健康而設計的高品質無穀配方糧。', 1, 15, 4607, '2024-01-18 00:00:00', 51, 0),
(62, '紐崔斯CARE+ 頂級無穀犬用處方糧 – 皮膚腸胃', '針對皮膚和腸胃敏感問題設計的高品質無穀配方糧。', 1, 15, 5976, '2024-02-28 00:00:00', 86, 0),
(63, '紐崔斯CARE+ 頂級無穀犬用處方糧 – 體重控制', '專為控制狗狗體重而設計的高品質無穀配方糧。', 1, 15, 4607, '2024-05-14 00:00:00', 33, 0),
(64, '紐崔斯CARE+ 頂級無穀犬用處方糧 – 情緒安穩', '致力於幫助維持狗狗情緒穩定的高品質無穀配方糧。', 1, 15, 4607, '2024-05-16 00:00:00', 27, 0),
(65, 'Hyperr 超躍無穀鮮肉糧佐凍乾 - 犬用 ', '以新鮮無穀鮮肉為基礎，結合凍乾技術，提供多種口味選擇的高質量狗糧。', 1, 3, 890, '2024-03-16 00:00:00', 94, 0),
(66, '尊爵機能天然糧 - 小型幼犬', '為小型幼犬提供的功能性天然糧，幫助其健康成長。', 1, 11, 680, '2024-01-12 00:00:00', 67, 0),
(67, '尊爵機能天然糧 - 小型成犬', '專為小型成犬設計的功能性天然糧，滿足其營養需求。', 1, 11, 680, '2024-04-03 00:00:00', 90, 0),
(68, '尊爵機能天然糧 - 成犬', '適合成犬的功能性天然糧，幫助維持其整體健康。', 1, 11, 680, '2024-05-02 00:00:00', 82, 0),
(69, '尊爵機能天然糧 - 特級熟齡犬', '針對特級熟齡犬設計的功能性天然糧，提供全面的營養支持。', 1, 11, 680, '2024-01-25 00:00:00', 10, 0),
(70, 'HALO 嘿囉幼犬 雞肉', '專為幼犬設計的無穀配方糧，含有豐富的雞肉蛋白質。', 1, 4, 2300, '2024-05-26 00:00:00', 81, 0),
(71, 'HALO 嘿囉成犬無穀 雞肉', '成犬專用的無穀配方糧，以高品質雞肉為主要成分。', 1, 4, 2300, '2024-01-23 00:00:00', 9, 0),
(72, 'HALO 嘿囉 成犬無穀 低脂火雞肉', '低脂肪的無穀配方糧，以火雞肉為主要蛋白質來源。', 1, 4, 2300, '2024-02-27 00:00:00', 81, 0),
(73, 'HALO 嘿囉成犬無穀 低敏舒膚 (海藻修復配方)', '專為敏感皮膚狗狗設計的無穀配方糧，添加了海藻以幫助皮膚修復。', 1, 4, 2300, '2024-01-29 00:00:00', 39, 0),
(74, 'HALO 嘿囉成犬無穀 低敏舒膚 (新鮮碗豆+鷹嘴豆)', '以新鮮碗豆和鷹嘴豆為特色成分，幫助緩解敏感皮膚問題。', 1, 4, 2300, '2024-04-08 00:00:00', 78, 0),
(75, 'HALO 嘿囉小型成犬無穀 雞肉', '專為小型成犬設計的無穀配方糧，以雞肉為主要蛋白質來源。', 1, 4, 2300, '2024-04-11 00:00:00', 81, 0),
(76, 'HALO 嘿囉熟齡犬無穀 雞肉', '專為老年犬設計的無穀配方糧，以雞肉為主要成分。', 1, 4, 2300, '2024-02-20 00:00:00', 29, 0),
(77, '本牧紐西蘭無穀成犬糧 - 太平洋鯖魚', '採用來自紐西蘭的太平洋鯖魚，提供高質量的蛋白質和營養。', 1, 10, 2430, '2024-05-05 00:00:00', 87, 0),
(78, '本牧紐西蘭無穀成犬糧 - 放牧草飼牛', '以紐西蘭放牧草飼養的牛肉為主要成分，提供均衡的營養。', 1, 10, 2430, '2024-05-09 00:00:00', 40, 0),
(79, '本牧紐西蘭無穀成犬糧 - 放牧草飼羊', '來自紐西蘭的放牧草飼養的羊肉為主要成分，提供豐富的蛋白質和營養。', 1, 10, 2430, '2024-03-18 00:00:00', 87, 0),
(80, '柏萊富特調配方糧 - 雞肉 X 糙米 (幼犬成長)', '結合優質雞肉和營養豐富的糙米，專為幼犬提供全面均衡的營養，促進健康成長。', 1, 16, 842, '2024-04-03 00:00:00', 87, 0),
(81, '柏萊富特調配方糧 - 雞肉 X 糙米 (成犬活力)', '含有高品質的雞肉和營養豐富的糙米，幫助成犬維持健康的活力和良好的體態。', 1, 16, 842, '2024-01-29 00:00:00', 3, 0),
(82, '柏萊富特調配方糧 - 雞肉 X 糙米 (低卡保健犬)', '特別設計為需要低卡路里飲食的狗狗，含有高品質的雞肉和營養均衡的糙米。', 1, 16, 842, '2024-01-08 00:00:00', 27, 0),
(83, '柏萊富特調配方糧 - 羊肉 X 雞肉 X 糙米 (全齡犬)', '獨特配方結合羊肉、雞肉和營養豐富的糙米，適合全齡期的狗狗食用，提供全方位的營養支持。', 1, 16, 842, '2024-05-06 00:00:00', 36, 0),
(84, '柏萊富功能性全齡犬配方糧 - 羊肉 X 糙米 (護膚亮毛)', '專為皮膚健康和毛髮亮澤而設計，含有羊肉和營養豐富的糙米，促進狗狗皮毛的健康。', 1, 16, 978, '2024-04-19 00:00:00', 51, 0),
(85, '柏萊富功能性全齡犬配方糧 - 鮭魚 X 糙米 (腸胃保健)', '以高品質的鮭魚和易消化的糙米為基礎，有助於維護狗狗的腸胃健康。', 1, 16, 978, '2024-02-17 00:00:00', 92, 0),
(86, '柏萊富功能性全齡犬配方糧 - 鯰魚 X 珍珠麥 (滋補養生)', '結合鯰魚和營養豐富的珍珠麥，為狗狗提供全面的營養支持，促進健康的生活方式。', 1, 16, 978, '2024-01-14 00:00:00', 4, 0),
(87, '柏萊富無穀全齡犬配方糧 - 雞肉 X 豌豆 (低敏純淨)', '採用雞肉和易消化的豌豆，適合對穀物敏感的狗狗，提供純淨的營養支持。', 1, 16, 1054, '2024-05-21 00:00:00', 37, 0),
(88, '柏萊富無穀全齡犬配方糧 - 鮭魚 X 豌豆 (低敏挑嘴)', '以高品質的鮭魚和易消化的豌豆製成，適合挑嘴狗狗，提供全面的營養支持。', 1, 16, 1054, '2024-05-28 00:00:00', 99, 0),
(89, '柏萊富極鮮無穀全齡配方糧 - 鯡魚 X 火雞肉 X 扁豆 (小型成犬均衡)', '特別為小型成犬設計，含有鯡魚、火雞肉和營養豐富的扁豆，提供均衡的營養支持。', 1, 16, 1122, '2024-03-16 00:00:00', 98, 0),
(90, '柏萊富極鮮無穀全齡配方糧 - 白鮭魚 X 豌豆 (低敏呵護犬)', '以高品質的白鮭魚和易消化的豌豆為基礎，適合對穀物敏感的狗狗，呵護其健康。', 1, 16, 1122, '2024-04-27 00:00:00', 15, 0),
(91, '柏萊富極鮮無穀全齡配方糧 - 火雞肉 X 扁豆 (活力犬)', '含有火雞肉和營養豐富的扁豆，適合活力充沛的狗狗，提供所需的能量和營養支持。', 1, 16, 1122, '2024-01-25 00:00:00', 40, 0),
(92, '汪喵星球狗狗冷凍乾燥生食餐 ', '多種口味可供選擇的狗狗冷凍乾燥生食餐，新鮮食材保留最大的營養價值。', 1, 24, 1480, '2024-04-06 00:00:00', 51, 0),
(93, '汪喵星球即期品專區 - 狗狗冷凍乾燥生食餐', '提供方便又營養豐富的冷凍乾燥生食餐，適合狗狗即食需求。', 1, 24, 750, '2024-05-16 00:00:00', 83, 0),
(94, '小犬威利主食凍乾熟食餐 - 糙米無麩 ', '含有健康糙米和無麩質配方的凍乾熟食餐，適合小型犬品種。', 1, 22, 580, '2024-03-15 00:00:00', 99, 0),
(95, 'Nurture PRO 天然密碼低敏系列犬用乾糧 – 鮭魚', '針對容易敏感的狗狗而設計，含有鮭魚或羊肉的低敏配方。', 1, 5, 990, '2024-03-26 00:00:00', 17, 0),
(96, 'Nurture PRO 天然密碼低敏系列犬用乾糧 – 羊肉', '採用高品質羊肉作為主要蛋白來源，配方中不含常見的過敏原，同時提供完整的營養支持，促進狗狗的健康和幸福生活。', 1, 5, 990, '2024-04-05 00:00:00', 39, 0),
(97, 'K9 Natural凍乾生食犬用飼料 ', '純天然的凍乾生食飼料，提供最接近自然食物的營養。', 1, 17, 7890, '2024-03-10 00:00:00', 59, 0),
(98, 'Farmina 法米納GD-1 幼犬/懷孕犬 雞肉石榴 天然頂級無穀系列', '專為幼犬和懷孕犬設計，含有高品質雞肉和石榴的無穀配方。', 1, 1, 1400, '2024-05-14 00:00:00', 0, 0),
(99, 'ACANA愛肯拿室內犬無穀配方 放養雞肉+新鮮蔬果', '針對不同生活階段和體型的狗狗而設計的無穀配方。', 1, 18, 950, '2024-03-07 00:00:00', 69, 0),
(100, 'ACANA愛肯拿無穀區域頂級食材主食糧 - 放養雞肉 X 火雞肉', '含有高品質鮮雞的無穀配方，適合幼犬和成犬。', 1, 18, 1050, '2024-04-16 00:00:00', 94, 0),
(101, 'ACANA愛肯拿老犬無穀配方 放養雞肉+新鮮蔬果', '專為老年狗狗設計的無穀配方，含有放養雞肉和新鮮蔬果，提供完整營養支持。', 1, 18, 950, '2024-05-12 00:00:00', 35, 0),
(102, 'ACANA愛肯拿小型成犬無穀配方 放養雞肉+新鮮蔬果', '適合小型成犬的無穀配方，含有放養雞肉和新鮮蔬果，促進健康成長。', 1, 18, 950, '2024-02-16 00:00:00', 75, 0),
(103, 'Orijen 歐睿健鮮雞幼犬 無穀配方', '專為幼犬設計的無穀配方，以新鮮的雞肉為主要成分，提供豐富的蛋白質和營養。', 1, 7, 1250, '2024-02-03 00:00:00', 3, 0),
(104, 'go!火雞 羊肉 鮭魚 鴨肉 低致敏 全犬 無穀狗糧', '低致敏的無穀狗糧，含有多種蛋白質來源，適合所有狗狗。', 1, 2, 1500, '2024-01-27 00:00:00', 37, 0),
(105, 'Orijen 歐睿健鮮雞成犬 六種鮮魚成犬 鮮雞小型犬 無穀配方', '適合成犬的無穀配方，含有新鮮的雞肉，提供全面的營養支持。', 1, 7, 2490, '2024-02-09 00:00:00', 33, 0),
(106, '紐頓S2 幼犬 均衡健康系列 雞肉+燕麥', '專為幼犬設計的均衡健康配方，含有雞肉和燕麥，促進健康成長。', 1, 13, 899, '2024-02-13 00:00:00', 93, 0),
(107, '紐頓S6 S7 S8 S9 S10 均衡健康系列', '均衡健康系列，提供多種不同配方，滿足不同狗狗的需求。', 1, 13, 1999, '2024-05-01 00:00:00', 32, 0),
(108, '紐頓I18 I20 專業理想系列', '專業理想系列，提供專業級別的營養支持。', 1, 13, 899, '2024-03-28 00:00:00', 47, 0),
(109, '紐頓T23 T25 T26 無穀全能系列 火雞+雞肉 鮭魚+鱒魚 羊肉', '適合所有年齡和品種的狗狗。這些配方含有高品質的蛋白質來源，如火雞、雞肉、鮭魚、鱒魚和羊肉，有助於維持狗狗的肌肉健康和全面營養。', 1, 13, 1099, '2024-04-23 00:00:00', 27, 0),
(110, '紐頓T27 T28 T29 迷你犬 無穀全能系列 火雞+雞肉 鮭魚+鱒魚 羊肉', '專為迷你犬而設計的狗糧配方。提供全面均衡的營養，有助於迷你犬維持健康的肌肉和活力。', 1, 13, 2099, '2024-05-06 00:00:00', 68, 0),
(111, 'now鮮肉 紅肉 小型成犬 無穀天然糧', '無穀天然糧，含有新鮮的鮮肉和紅肉，適合小型成犬和成犬。', 1, 6, 1590, '2024-02-06 00:00:00', 80, 0),
(112, 'now鮮肉 紅肉 成犬 無穀天然糧', '這款成犬無穀天然糧含有新鮮的紅肉，提供高品質的蛋白質，幫助成犬維持健康活力。', 1, 6, 1210, '2024-03-19 00:00:00', 18, 0),
(113, 'Farmina 法米納LD-5 老犬 雞肉石榴 天然低穀系列', 'LD-5是專為老犬設計的天然低穀系列，含有雞肉和石榴等成分，營養均衡，有助於老犬的健康管理。', 1, 1, 1210, '2024-03-17 00:00:00', 41, 0),
(114, 'Farmina 法米納GD-2 GD-3 GD-5 GD-6 GD-7 GD-9 天然頂級無穀系列', '這個系列提供多種不同口味的無穀狗糧，含有頂級的成分，有助於狗狗全面的營養需求。', 1, 1, 1400, '2024-01-17 00:00:00', 85, 0),
(115, 'Farmina 法米納LD-6 LD-8 LD-9 天然低穀系列', 'LD-6、LD-8和LD-9是天然低穀系列，適合各年齡段的狗狗，含有優質的蛋白質和其他營養成分。', 1, 1, 1130, '2024-05-02 00:00:00', 36, 0),
(116, 'Farmina 法米納LD-2 LD-3 雞肉石榴 羊肉藍莓 天然低穀系列', '這個低穀系列結合了雞肉、石榴、羊肉和藍莓等成分，提供全面均衡的營養，適合對穀物過敏的狗狗食用。', 1, 1, 1130, '2024-02-13 00:00:00', 89, 0),
(117, 'Farmina 法米納LD-1 幼犬/懷孕犬 雞肉石榴 天然低穀系列', 'LD-1是專為幼犬和懷孕犬設計的天然低穀系列，含有雞肉和石榴等成分，有助於幼犬和懷孕犬的健康發育和生理需要。', 1, 1, 1130, '2024-04-02 00:00:00', 77, 0),
(118, '陪心寵糧全齡犬無穀低敏糧 ', '這款狗糧適合所有年齡段的狗狗食用，無穀物成分，低敏配方，多種口味可供選擇。', 1, 23, 2390, '2024-05-28 00:00:00', 23, 0),
(119, '小犬威利主食凍乾熟食餐 - 馬鈴薯無穀 ', '這種凍乾熟食餐適合小型犬食用，不含馬鈴薯等穀物成分，方便快捷，營養豐富。', 1, 22, 680, '2024-05-20 00:00:00', 60, 0),
(120, 'ACANA愛肯拿潔牙成犬無穀配方 放養雞肉+新鮮蔬果', '這種無穀配方含有放養雞肉和新鮮蔬果，有助於潔牙，保持成犬口腔健康。', 1, 18, 950, '2024-01-08 00:00:00', 78, 0),
(121, 'ACANA愛肯拿挑嘴幼犬無穀配方 放養雞肉+新鮮蔬果', '專為挑嘴幼犬設計的無穀配方，含有放養雞肉和新鮮蔬果，美味可口，有助於幼犬健康成長。', 1, 18, 950, '2024-03-15 00:00:00', 22, 0),
(122, 'ACANA愛肯拿單一蛋白低敏無穀配方 美膚羊肉+蘋果 美膚鴨肉+梨子', '這款無穀配方使用單一蛋白質來源，如美膚羊肉和蘋果、美膚鴨肉和梨子，適合對其他蛋白質過敏的狗狗食用。', 1, 18, 1100, '2024-05-03 00:00:00', 23, 0),
(123, '法國皇家SHN 健康體型乾糧 – MNP 小型幼犬', '這是專為小型幼犬設計的健康體型乾糧，含有全面均衡的營養，有助於幼犬健康成長。', 1, 20, 1264, '2024-03-26 00:00:00', 16, 0),
(124, '汪喵星球天然低敏凍乾犬用主食餐 ', '提供天然低敏的凍乾狗糧，適合對食物敏感的狗狗。', 1, 24, 1480, '2024-02-18 00:00:00', 34, 0),
(125, '沙發馬鈴薯Lazy 懶蟲無穀犬用乾糧 - 黑水虻蟲蛋白', '無穀物配方，採用黑水虻蟲蛋白，為懶洋洋的狗狗提供均衡營養。', 1, 25, 950, '2024-02-27 00:00:00', 19, 0),
(126, 'Nurture PRO 天然密碼無穀配方犬用乾糧 - 鮭魚 X 鯡魚 X 曼哈頓魚', '無穀物配方，含有鮭魚、鯡魚和曼哈頓魚，提供豐富的蛋白質。', 1, 5, 990, '2024-01-13 00:00:00', 28, 0),
(127, 'Nurture PRO 天然密碼無穀配方犬用乾糧 - 羊肉 X 鯡魚', '無穀物配方，含有羊肉和鯡魚，適合對穀物敏感的狗狗。', 1, 5, 990, '2024-01-17 00:00:00', 18, 0),
(128, 'Nurture PRO 天然密碼無穀配方犬用乾糧 - 雞肉 X 火雞肉', '無穀物配方，含有雞肉和火雞肉，提供多種蛋白質。', 1, 5, 990, '2024-02-01 00:00:00', 69, 0),
(129, 'ACANA愛肯拿無穀區域頂級食材主食糧 - 多種魚 X 薰衣草', '含有多種魚類和薰衣草，提供全面均衡的營養。', 1, 18, 1100, '2024-02-21 00:00:00', 47, 0),
(130, '莫比食譜自然糧 - C30 雞肉米幼母犬', '針對幼犬和哺乳母犬設計的雞肉米配方。', 1, 12, 950, '2024-03-24 00:00:00', 96, 0),
(131, '莫比食譜自然糧 - C27 雞肉米成犬', '成犬適用的雞肉米配方。', 1, 12, 950, '2024-05-14 00:00:00', 55, 0),
(132, '莫比食譜自然糧 - L25 羊肉米成犬', '適合成犬的羊肉米配方。', 1, 12, 950, '2024-03-19 00:00:00', 86, 0),
(133, '莫比食譜自然糧 - S26 無穀鮭魚馬鈴薯', '無穀物配方，含有鮭魚和馬鈴薯。', 1, 12, 1080, '2024-02-08 00:00:00', 8, 0),
(134, '莫比食譜自然糧 - C25 雞肉米低卡關節', '低卡路里關節配方，含有雞肉和米。', 1, 12, 950, '2024-05-19 00:00:00', 75, 0),
(135, '洛特夫犬用 紐西蘭風乾主食糧 - 雞肉', '採用紐西蘭風乾技術，含有雞肉或羊肉。', 1, 14, 1825, '2024-05-28 00:00:00', 48, 0),
(136, '法國皇家SHN 健康體型乾糧 – MNS 小型離乳犬 & 母犬', '專為小型犬離乳期和母犬設計，提供全面營養支持。', 1, 20, 1080, '2024-03-15 00:00:00', 70, 0),
(137, '法國皇家SHN 健康體型乾糧 – MNINP 小型室內幼犬', '特別為小型室內幼犬調配的乾糧，幫助它們保持健康體型。', 1, 20, 1080, '2024-05-17 00:00:00', 27, 0),
(138, '紐崔斯SUBZERO 黑鑽頂級無穀凍乾糧 - 小型犬 牛肉X羊肉', '頂級無穀物凍乾糧，適合小型犬，含有牛肉和羊肉。', 1, 15, 2556, '2024-03-12 00:00:00', 63, 0),
(139, '紐崔斯SUBZERO 黑鑽頂級無穀凍乾糧 - 全齡犬 鴨肉X鱒魚X羊肉', '適合全年齡的狗狗，含有鴨肉、鱒魚和羊肉。', 1, 15, 2971, '2024-03-23 00:00:00', 52, 0),
(140, '法國皇家SHN 健康體型乾糧 – XSP 超小型幼犬', '專為超小型幼犬設計，提供全面營養支持。', 1, 20, 656, '2024-04-05 00:00:00', 60, 0),
(141, '法國皇家SHN 健康體型乾糧 – MNINA+8 小型室內熟齡犬8+歲', '專為小型室內熟齡犬（8歲以上）設計，幫助保持健康活力。', 1, 20, 624, '2024-01-21 00:00:00', 15, 0),
(142, '法國皇家SHN 健康體型乾糧 – XSA 超小型成犬', '專為超小型成犬提供全面營養支持。', 1, 20, 624, '2024-04-01 00:00:00', 71, 0),
(143, '法國皇家SHN 健康體型乾糧 – XSA+12 超小型老齡犬12+歲', '專為超小型老齡犬（12歲以上）提供全面營養支持。', 1, 20, 624, '2024-01-09 00:00:00', 59, 0),
(144, '法國皇家SHN 健康體型乾糧 – XSA+8 超小型熟齡犬8+歲', '專為超小型熟齡犬（8歲以上）提供全面營養支持。', 1, 20, 624, '2024-05-06 00:00:00', 74, 0),
(145, 'Farmina 法米納VD-7 Vet Life 犬用泌尿道結石管理照護配方', '專為管理狗狗泌尿道結石問題而設計的營養配方。', 1, 1, 1190, '2024-03-03 00:00:00', 69, 0),
(146, '第一饗宴無穀低敏犬用配方糧 - 澳洲羊肉 (小顆粒)', '小顆粒無穀低敏配方，含有澳洲羊肉，適合對穀物敏感的狗狗。', 1, 19, 990, '2024-04-17 00:00:00', 18, 0),
(147, 'Farmina 法米納加購 天然無穀糧系列 ', '多種口味的加購無穀糧，提供更多選擇。', 1, 1, 200, '2024-05-25 00:00:00', 77, 0),
(148, 'Orijen 歐睿健鮮雞室內犬 無榖配方', '專為室內犬設計的無穀物配方，含有新鮮的雞肉。', 1, 7, 1250, '2024-03-08 00:00:00', 13, 0),
(149, 'Orijen 歐睿健鮮雞高齡犬 無穀配方', '專為高齡犬設計的無穀物配方，含有新鮮的雞肉。', 1, 7, 1250, '2024-04-13 00:00:00', 52, 0),
(150, 'Nurture PRO 天然密碼低敏系列犬用乾糧 – 雞肉 (幼成犬)', '針對幼犬和對食物敏感的狗狗設計的低敏配方。', 1, 5, 990, '2024-05-12 00:00:00', 73, 0),
(151, '洛特夫犬用 紐西蘭風乾主食糧 - 羊肉', '採用紐西蘭風乾技術，含有羊肉。', 1, 14, 1825, '2024-03-17 00:00:00', 10, 0),
(152, '朝貢  深層潔牙骨 (犬用)', ' 高度10mm的扁平設計深層式照護潔牙 不會對顳顎關節造成任何壓力 不硬但可以咀嚼多次的配方', 2, 0, 380, '2024-05-31 00:00:00', 25, 0),
(153, '舒服樂寵兒愛喝水 - 高溶氧水', ' 高含氧量 無菌 小分子團 無塑膠微粒 品質認證', 2, 0, 35, '2024-05-20 00:00:00', 20, 0),
(154, 'Peperoni寵物零食肉丁', ' 質地柔軟，高齡犬也能咬得動！ 含有維生素Ａ,維生素Ｂ和葡萄糖胺，有助於關節健康 韓國原裝進口！無分裝！最新效期！', 2, 0, 800, '2024-05-03 00:00:00', 23, 0),
(155, '毛孩食務所毛孩好棒棒', ' 狗狗專屬的毛孩好棒棒，除了能藉由咬咬釋放心理壓力，同時能作為清潔口腔的好幫手，維持家中毛寶貝的身心健康', 2, 0, 40, '2024-05-06 00:00:00', 59, 0),
(156, '汪喵星球天然起司球', ' 100% 來自澳洲，每口都是滿滿的起司 40g 起司球 ≒ 350ml 牛奶的鈣含量！專利凍乾技術，保留自然奶香與高營養 無添加乳化劑、香料與防腐劑', 2, 24, 139, '2024-05-27 00:00:00', 84, 0),
(157, '纖嚼無穀軟潔齒棒', ' 毛孩的健康，從「齒」開始 低致敏保證 全方位清潔設計 不只除牙垢 同時保健', 2, 0, 165, '2024-05-09 00:00:00', 23, 0),
(158, '纖嚼無穀硬潔齒棒', ' 毛孩的健康，從「齒」開始 低致敏保證 全方位清潔設計 不只除牙垢 同時保健', 2, 0, 185, '2024-05-14 00:00:00', 79, 0),
(159, '汪喵星球香醇零乳糖牛乳', ' 低敏零乳糖，不易造成腸胃負擔 紐西蘭契作牧場乳源，經 RMP管理程序出口 含豐富蛋白質與鈣質，幼老孕哺、術後犬貓補充營養', 2, 24, 59, '2024-05-29 00:00:00', 46, 0),
(160, '寵鮮灶腳手作零食 - 肉乾系列', '國家考試檢定合格，人食用等級採低溫烘烤熟成，保有天然食物原萃產地新鮮採購，食材當天現做雞軟骨最天然的潔牙骨！', 2, 0, 1080, '2024-05-29 00:00:00', 49, 0),
(161, '派庫廚房鮮肉凍乾零食 ', ' 均衡飲食 增加額外營養成分 100%純肉 適口性佳 原肉製造 更香更誘惑 加水還原鮮肉 增加水分攝取 低溫冷凍乾燥技術 台灣製造', 2, 0, 300, '2024-05-18 00:00:00', 45, 0),
(162, 'ZEA真致紐西蘭犬貓專用鮮乳', ' 犬貓都愛喝鮮乳，但犬貓不易消化乳糖，ZEAL使用不含乳糖的牛奶製作，讓寵物喝得無負擔 ', 2, 0, 155, '2024-05-11 00:00:00', 74, 0),
(163, '朝貢  玉筋魚 海鮮凍乾', ' 犬貓皆能吃，採用冷凍乾燥技術 好吃又天然，好剝斷，味道又很好！適用對象：全年齡犬貓', 2, 0, 99, '2024-05-16 00:00:00', 33, 0),
(164, 'KiWi Pet天然原肉凍乾零食 ', ' 100%紐澳純天然食材 冷凍乾燥技術保存滿滿營養 無添加防腐劑及調味料 香濃鮮肉風味 毛孩最愛', 2, 0, 270, '2024-05-09 00:00:00', 48, 0),
(165, 'YORA蟲蟲潔牙棒 - 小型犬', 'YORA蟲蟲潔牙棒獨特造型的結構以及天然活性成分，幫助減少牙菌斑和牙垢形成的機率，其中富含生物可利用的鈣質用以幫助牙齒強健', 2, 0, 250, '2024-05-18 00:00:00', 48, 0),
(166, 'YowUP犬用低卡無糖寵物優格 - 115g', ' 幫助好菌生長的益生元！ 0%乳糖、0%脂肪、0%糖份、豐富鈣質及益生元 滑順濃厚、高適口性、無人工防腐劑 開封前可室溫保存 西班牙原裝進口', 2, 0, 90, '2024-05-23 00:00:00', 91, 0),
(167, '伴拌日嚐犬用寵膳鮮味主食餐包', ' 食療養生，漢醫陰陽五行概念，對應毛孩常見症狀作預防調理設計，依照NRC寵物營養標準精算配比，符合毛孩所需胺基酸、完整鈣磷比', 3, 0, 129, '2024-05-27 00:00:00', 25, 0),
(168, '汪喵星球幼母犬95%營養無膠主食罐 ', ' 專屬營養加強！完善骨骼＆免疫健康 慕斯質地易舔食，更好進食與消化吸收 亦適合術後修復、體質較弱犬作營養補充', 3, 24, 1008, '2024-05-20 00:00:00', 38, 0),
(169, '汪喵星球熟齡犬95%低鈉無膠銀養主食罐 ', ' 慕斯質地易舔食，好消化吸收 低鎂低鈉配方，保健心血管與腎臟 95％超高肉含量，日常補充優質蛋白質 完全無人工膠類、防腐劑等不良添加物', 3, 24, 900, '2024-05-07 00:00:00', 12, 0),
(170, '不麻煩粽夏香草派對 手工寵物肉粽 - 6入組', '今夏CoCo 回歸最擅長的香料運用，運用了屬於南洋的味道，包含香蘭葉、椰子、香茅等等，讓炎炎夏日逐漸降低的食慾再次甦醒！', 3, 0, 749, '2024-05-17 00:00:00', 62, 0),
(171, '汪喵星球犬用95%鮮肉無膠主食罐 ', ' 補肉、補水、補機能一次滿足 真材實料，完全無人工膠類 肉超多＆嗜口性高，滿滿原肉型態 添加天然營養機能，毛孩健康補給', 3, 24, 900, '2024-05-09 00:00:00', 47, 0),
(172, '自然食犬用主食寵鮮包 ', ' 開封即食 免加熱 免解凍 適合全齡狗狗，針對敏感狗狗也很適合', 3, 0, 150, '2024-05-14 00:00:00', 56, 0),
(173, 'MewooFun寵物交流按鈕', ' 分享你的語言 分享牠的內心 寵物友好配色設計 輕輕一按即刻發聲 可重複錄音 簡單三步驟 附贈貼紙 亦可DIY製作', 4, 0, 190, '2024-05-29 00:00:00', 21, 0),
(174, 'PETHROOM微笑花盆栽 寵物藏食發聲玩具', '由三朵花組成的莖和花盆組成，從花瓣到整個莖都沙沙作響的材質刺激寵毛孩朋友們的好奇心背面有可以隱藏零食的X字迷你口袋', 4, 0, 880, '2024-05-25 00:00:00', 59, 0),
(175, 'PETHROOM果凍繽紛袋 寵物藏食發聲玩具', '繽紛袋內含四種玩具迷你口袋，牙齒較弱的朋友們也可以玩果凍袋正面全部都是沙沙作料，刺激毛孩朋友們的好奇心', 4, 0, 880, '2024-05-30 00:00:00', 15, 0),
(176, 'PETHROOM錄影帶 寵物藏食發聲玩具', ' 回憶殺 復古的錄影帶設計 沙沙作響 用力撕咬也OK', 4, 0, 560, '2024-05-30 00:00:00', 35, 0),
(177, 'BITE ME造型發聲玩具 - 動動', '兩頭都有啾啾聲，更可以吸引毛小孩的興趣變長的彈力橡皮筋，請盡情地享受拉繩遊戲。', 4, 0, 320, '2024-05-11 00:00:00', 81, 0),
(178, 'BITE ME藏食發聲玩具 - 拉芙熊', '熊熊的口袋裡，藏著五個零食點零食可以輕鬆地藏起來！愛心有吸引力啾啾聲，像橡皮筋一樣固定住讓整體難易度提升UP！', 4, 0, 420, '2024-05-13 00:00:00', 17, 0),
(179, 'BITE ME藏食發聲玩具 - 墨墨捲餅', '墨墨捲餅，除了厚實的啾啾聲肉排，幫毛小孩快速補充蛋白質，包裝紙和餅皮是響紙沙沙聲，還有滿滿的蔬菜～都是毛小孩最喜歡的！', 4, 0, 440, '2024-05-18 00:00:00', 7, 0),
(180, 'Brightkins寵物益智藏食盤 - DJ盤', '使用不含雙酚A的安心塑料製成 為寵物們帶來生動的學習體驗  激發寵物的好奇心 讓整個家庭都參與其中', 4, 0, 980, '2024-05-18 00:00:00', 32, 0),
(181, 'Brightkins寵物益智藏食盤 - 橄欖球', '使用不含雙酚A的安心塑料製成 為寵物們帶來生動的學習體驗  激發寵物的好奇心 讓整個家庭都參與其中', 4, 0, 880, '2024-05-11 00:00:00', 36, 0),
(182, 'Brightkins寵物益智藏食盤 - 腦力禮物', '使用不含雙酚A的安心塑料製成 為寵物們帶來生動的學習體驗  激發寵物的好奇心 讓整個家庭都參與其中', 4, 0, 880, '2024-05-20 00:00:00', 11, 0),
(183, 'Brightkins寵物益智藏食盤 - 起司堡', '使用不含雙酚A的安心塑料製成 為寵物們帶來生動的學習體驗  激發寵物的好奇心 讓整個家庭都參與其中', 4, 0, 880, '2024-05-30 00:00:00', 96, 0),
(184, 'FAD汪汪耐咬發聲玩具 - 祥龍獻瑞', ' 雙層布料、雙倍耐咬，內層獨有牛津布緊密貼合，更加耐咬 內層車縫線精密縫合，抗拉扯能力更加強大', 4, 0, 280, '2024-05-16 00:00:00', 43, 0),
(185, 'FAD汪汪耐咬發聲玩具 - 飛龍在天', ' 雙層布料、雙倍耐咬，內層獨有牛津布緊密貼合，更加耐咬 內層車縫線精密縫合，抗拉扯能力更加強大', 4, 0, 280, '2024-05-11 00:00:00', 52, 0),
(186, 'POOZPET寵物網球玩具', ' 耐咬材質 不易壞玩更久 互動接拋 適合各種毛孩 天然橡膠內膽 高彈耐玩', 4, 0, 180, '2024-05-08 00:00:00', 41, 0),
(187, 'POOZPET寵物造型玩具 - 互動網球拍', ' 互動網球拍 怎麼玩都不膩 內置發聲器及響紙 吸引毛孩的注意 天然橡膠內膽 高彈耐玩', 4, 0, 250, '2024-05-17 00:00:00', 53, 0),
(188, '未卡犬用繩結玩具', ' 狗狗解悶神器 互動嗨玩一整天 環保級染料，無毒無害 自嗨解悶 桃牠歡心 一邊玩要 一邊磨牙 盡情抓咬也不怕', 4, 0, 290, '2024-05-09 00:00:00', 62, 0),
(189, 'FandoraX 貓貓蟲咖波 寵物玩具', ' 可發聲 可藏食 內藏發聲器 肉肉的骨頭還能分離', 4, 0, 299, '2024-05-23 00:00:00', 49, 0),
(190, 'Brightkins寵物益智藏食盤 - 驚喜禮物', '使用不含雙酚A的安心塑料製成 為寵物們帶來生動的學習體驗  激發寵物的好奇心 讓整個家庭都參與其中', 4, 0, 780, '2024-05-16 00:00:00', 32, 0),
(191, 'Brightkins寵物益智藏食盤 - 杯子蛋糕', '使用不含雙酚A的安心塑料製成 為寵物們帶來生動的學習體驗  激發寵物的好奇心 讓整個家庭都參與其中', 4, 0, 680, '2024-05-07 00:00:00', 2, 0),
(192, 'Brightkins寵物漏食玩具 - 旋轉消防栓', '使用不含雙酚A的安心塑料製成 為寵物們帶來生動的學習體驗  激發寵物的好奇心 讓整個家庭都參與其中', 4, 0, 880, '2024-05-31 00:00:00', 91, 0),
(193, 'Brightkins寵物魔法零食棒', '使用不含雙酚A的安心塑料製成 為寵物們帶來生動的學習體驗  激發寵物的好奇心 讓整個家庭都參與其中', 4, 0, 390, '2024-05-10 00:00:00', 21, 0),
(194, 'Brightkins寵物漏食玩具 - 仙人掌', '使用不含雙酚A的安心塑料製成 為寵物們帶來生動的學習體驗  激發寵物的好奇心 讓整個家庭都參與其中', 4, 0, 550, '2024-05-02 00:00:00', 97, 0),
(195, 'Brightkins寵物漏食玩具 - 杯子蛋糕', '使用不含雙酚A的安心塑料製成 為寵物們帶來生動的學習體驗  激發寵物的好奇心 讓整個家庭都參與其中', 4, 0, 390, '2024-05-24 00:00:00', 91, 0),
(196, 'BITE ME藏食發聲玩具 - 果漾夾心', '吐司中間夾入清爽的水果搭配，滿滿綿密的奶油一口咬下超級幸福的口感～兩邊有較深的口袋可以藏食', 4, 0, 380, '2024-05-01 00:00:00', 96, 0),
(197, 'BITE ME藏食發聲玩具 - 哈哈蘇打', '香草冰淇淋和哈密瓜汽水杯，都有各放入一個啾啾聲，讓喜愛啾啾聲的寶貝，不管玩哪一個，都有滿滿的聲響', 4, 0, 380, '2024-05-07 00:00:00', 33, 0),
(198, 'BITE ME造型發聲玩具 - 達克鴨', '堅韌的構造，搭配40公分大尺寸的達克鴨，裡面有大型的啾啾發聲器。在咬跟甩的過程中，2倍超大分貝啾啾聲，成功吸引寶貝的興趣！', 4, 0, 520, '2024-05-15 00:00:00', 80, 0),
(199, '汪喵星球X 玩具總動員 狗狗彈力球 - 3顆/組', ' Disney 迪士尼正版授權 耐咬材質，發聲完具，不易壞、玩更久 安全布料，經SGS重金屬測試 容易清潔，沖洗、曬乾超方便！', 4, 0, 199, '2024-05-05 00:00:00', 7, 0),
(200, 'POOZPET御守藏食嗅聞玩具', ' 拿走焦慮 藏入快樂 藏食口袋 嗅聞遊戲 Q彈粗繩子 結實耐扯 響紙發聲 吸引愛寵', 4, 0, 230, '2024-05-18 00:00:00', 14, 0),
(201, 'FAD+汪汪耐咬發聲玩具 - 農場乳牛', '來自日本的FAD+無毒安全玩具，每個玩具都經過歐盟EN71 part 3 玩具安全認證，通過無重金屬殘留測試，讓寶貝玩得更安心！', 4, 0, 320, '2024-05-22 00:00:00', 89, 0),
(202, 'BITE ME藏食發聲玩具 - ㄋㄟ一罐', '無止境的嗅聞時間～可愛的白色牛奶裡面，有著長達75cm的藏食布條(總共16個藏食點)不管啃咬牛奶盒哪個位置，都可以享受滿滿的響紙聲派對！', 4, 0, 420, '2024-05-22 00:00:00', 28, 0),
(203, 'FAD+汪汪耐咬發聲玩具 - 農場粉小豬', '來自日本的FAD+無毒安全玩具，每個玩具都經過歐盟EN71 part 3 玩具安全認證，通過無重金屬殘留測試，讓寶貝玩得更安心！', 4, 0, 320, '2024-05-04 00:00:00', 68, 0),
(204, '未卡犬用繩結玩具 - 櫻花', ' 滿足狗狗日常磨牙需求 和愛寵共享遊戲好時光 配色清新 染色環保無害', 4, 0, 250, '2024-05-11 00:00:00', 77, 0),
(205, 'BITE ME小熊軟糖發聲玩具 - 巨熊款', '小熊軟糖變大了！五種顏色的超Q軟綿綿小熊，您一定要入手！一咬就響啾啾，愛不釋手！', 4, 0, 880, '2024-05-28 00:00:00', 79, 0),
(206, 'BITE ME造型發聲玩具 - 椒椒與你', '來自泰國的天然乳膠製成，厚實口感讓寶貝一咬就上癮 啾啾聲屬於較小聲的類型，玩起來比較不會有壓力唷', 4, 0, 420, '2024-05-01 00:00:00', 61, 0),
(207, 'BITE ME造型發聲玩具 - 愛鏟你', '來自泰國的天然乳膠製成，厚實口感讓寶貝一咬就上癮 啾啾聲屬於較小聲的類型，玩起來比較不會有壓力唷', 4, 0, 220, '2024-05-21 00:00:00', 65, 0),
(208, 'BITE ME造型發聲玩具', ' 喜歡啾啾聲還有互動遊戲的寶貝 BITE ME 新推出 抱抱玩偶系列 － 蛙愛你 & 咬我鴨。到處都藏著啾啾聲，不管咬哪裡都可以有驚喜！ ', 4, 0, 360, '2024-05-13 00:00:00', 40, 0),
(209, 'BITE ME藏食發聲玩具 - 復刻卡帶', ' 藏食功能與可愛外型兼具的玩具！ 啾啾聲誘發寶貝好奇心 響紙沙沙聲吸引寶貝注意力 有五個可藏食的口袋 滿足喜歡嗅聞的毛孩', 4, 0, 260, '2024-05-01 00:00:00', 70, 0),
(210, 'BITE ME藏食發聲玩具 - 復刻大哥大', ' 藏食功能與可愛外型兼具的玩具！ 啾啾聲誘發寶貝好奇心 響紙沙沙聲吸引寶貝注意力 可藏食的口袋 滿足喜歡嗅聞的毛孩', 4, 0, 300, '2024-05-12 00:00:00', 56, 0),
(211, 'BITE ME藏食發聲玩具 - My 洗衣書', '第四冊書本終於上市了 — My 洗衣書！洗衣工作終於可以讓寶貝來分攤了~', 4, 0, 840, '2024-05-04 00:00:00', 6, 0),
(212, 'BITE ME藏食發聲玩具 - 毛巾系列 (啾啾聲、嗅聞)', '瘋狂喜歡啾啾聲玩具的朋友們，一口氣放入九個啾啾聲，讓你玩個盡興~將多個毛巾相互黏上，還可以變成一個大型嗅聞玩具哦！', 4, 0, 460, '2024-05-08 00:00:00', 80, 0),
(213, 'FAD+汪汪耐咬發聲玩具 聖誕馴鹿 (節日限定款)', '【聖誕節限定】來自日本的FAD+無毒安全玩具每個玩具都經過歐盟EN71 part 3 玩具安全認證通過無重金屬殘留測試，讓寶貝玩得更安心！', 4, 0, 300, '2024-05-10 00:00:00', 88, 0),
(214, 'FAD+汪汪耐咬發聲玩具 聖誕老公公 (節日限定款)', '【聖誕節限定】來自日本的FAD+無毒安全玩具每個玩具都經過歐盟EN71 part 3 玩具安全認證通過無重金屬殘留測試，讓寶貝玩得更安心！', 4, 0, 300, '2024-05-07 00:00:00', 37, 0),
(215, 'BITE ME造型發聲玩具 - Party ', '開趴必備的佈置道具，色彩鮮豔的氣球狗，是不是超級可愛的~適合咬著的尺寸，搭配上啾啾聲，絕對是寶貝愛不釋手的必備玩具。', 4, 0, 600, '2024-05-12 00:00:00', 17, 0),
(216, 'FAD汪汪耐咬發聲玩具', ' 沒有小零件 啃咬更安全 精密縫線 無懈可擊 雙層布料 雙倍耐咬 內置發聲器 方便清洗 乾淨建康', 4, 0, 320, '2024-05-14 00:00:00', 88, 0),
(217, 'FAD+汪汪耐咬發聲玩具 ', ' 沒有小零件 啃咬更安全 精密縫線 無懈可擊 雙層布料 雙倍耐咬 內置發聲器 方便清洗 乾淨建康', 4, 0, 320, '2024-05-11 00:00:00', 53, 0),
(218, 'POOZPET狗用網球玩具 - 咖啡豆袋', ' 耐撕耐咬 自帶塑料簌簌聲 天然橡膠內膽 內置發聲器 高彈耐咬 做工精致 互動接拋 所有狗狗', 4, 0, 390, '2024-05-29 00:00:00', 29, 0),
(219, 'POOZPET寵物益智嗅聞扯紙玩具 - 豆乳杯', ' 杯蓋硬挺飛盤設計 可玩尋回遊戲 內置發聲器 引起寵物好奇心 杯中藏入零食 嗅聞覓食小遊戲', 4, 0, 250, '2024-05-08 00:00:00', 99, 0),
(220, 'LINSLINS寵物漏食玩具 - 魔法小兔帽', ' 用玩樂安撫分離時的緊張與不安 可藏零食設計 享受尋寶般的樂趣 減少寵物的破壞性 緩解壓力', 4, 0, 250, '2024-05-01 00:00:00', 15, 0),
(221, 'LINSLINS聖誕系列犬用咬繩 ', '磨牙潔齒 助力口腔清潔 增加運動量 避免居家肥胖 軟硬適中不傷牙齒 日常清潔濕布擦拭即可', 4, 0, 310, '2024-05-21 00:00:00', 48, 0),
(222, 'PETHROOM電子字典 寵物藏食發聲玩具', ' 回憶殺 復古的電子字典設計 沙沙作響 用力撕咬也OK 貓貓也愛玩', 4, 0, 470, '2024-05-27 00:00:00', 70, 0),
(223, 'POOZPET嗅聞扯紙玩具 - 芝芝牛牛堡', ' 氣味遊戲 釋放毛寵的精力 可藏貓薄荷、零食 一款玩具 多種玩法 用玩具寵愛毛孩', 4, 0, 390, '2024-05-01 00:00:00', 50, 0),
(224, 'LINSLINS基礎款 結繩玩具', ' 優選材質 耐磨耐咬  解壓玩具同時增加運動量  磨齒工具 培養正確啃咬習慣  增進人寵感情  多種配色 隨心挑選', 4, 0, 140, '2024-05-09 00:00:00', 76, 0),
(225, 'BARKSHOP鳥寶寶 (內藏漏食玩具)', ' 洋蔥剝開是洋蔥，鳥寶寶剝開還有漏食球 柔軟毛絨同時磨牙潔齒 內有隱藏玩具 耐撕耐咬 漏食玩具訓練進食', 4, 0, 450, '2024-05-04 00:00:00', 19, 0),
(226, 'BARKSHOP廚神汪私房菜譜玩具', ' 廚神汪爭霸賽開始了 私房汪菜譜在這 內置發聲 興致盎然 內含四款狗狗食譜 好玩又好吃 ', 4, 0, 200, '2024-05-17 00:00:00', 71, 0),
(227, 'BARKSHOP宅汪神秘背包 (附兩顆球)', '色彩繽紛且柔軟 穿戴輕鬆發聲內膽 挑起興致小書包由魔鬼氈黏起 把球放入可當漏食玩具', 4, 0, 200, '2024-05-08 00:00:00', 35, 0),
(228, 'BARKSHOP紙杯蛋糕玩具', ' 廚神汪爭霸賽上驚現一款創意甜品 內置發聲激發狗狗興趣 咬得放心玩得開心 紙杯蛋糕造型獨特 材質安心 口感nice', 4, 0, 200, '2024-05-12 00:00:00', 63, 0),
(229, 'Hyperr 超躍寵物保健品 - 心臟超好', '心血管保健 有效護心維持血管 循環通暢幫助心肌正常收縮促進新陳代謝 心力充沛', 5, 3, 580, '2024-05-18 00:00:00', 78, 0),
(230, 'Hyperr 超躍寵物保健品 - 心情超好', '心情超好 舒壓、放鬆好心情嚴選國際大廠專利成分調配有效複方專業獸醫師推薦', 5, 3, 520, '2024-05-15 00:00:00', 77, 0),
(231, 'Hyperr 超躍寵物保健品 - 眼睛超好', '護眼黃金配比9合1全消保健7大專利成分專業獸醫推薦', 5, 3, 450, '2024-05-04 00:00:00', 43, 0),
(232, 'Hyperr 超躍寵物保健品 - 排毛超好', '溫和排毛無負擔排便順暢好健康代謝體內髒東西專業獸醫推薦', 5, 3, 350, '2024-05-21 00:00:00', 12, 0),
(233, 'Hyperr 超躍寵物保健品 - 紐西蘭綠唇貝油', '呵護愛寵關節 維持靈巧跳躍力綠唇貝油保護關節 維持舒適自在高吸收率極效養護', 5, 3, 790, '2024-05-11 00:00:00', 63, 0),
(234, '朝貢 寵物保健食品 - 紅魚油', ' 最先進的超臨界萃取法 原料和成品均通過IFOS5 star認證 紅色Omega-3高EPA+DHA攝取量 紅色Omega-3 mini 1cm大小，方便餵食 含有高濃度蝦紅素，具抗氧化作用', 5, 0, 1150, '2024-05-04 00:00:00', 32, 0),
(235, '陪心寵糧Plus+機能保健系列 泌尿道紓壓保健', ' 蔓越莓精萃 採用專利技術 保留整顆蔓越莓精華 洛神花 富含維生素C與多酚類 呵護膀胱系統 南瓜籽萃取 富含色胺酸 可鎮靜情緒 紓緩壓力', 5, 23, 450, '2024-05-05 00:00:00', 84, 0),
(236, '毛孩時代心臟專科保健粉', ' 堅持使用天然萃取原料，滿足毛孩身體健康的需求 日本專利Q10足量添加達到20mg 使用業界活性最高美國納豆激 添加足量專利沙棘果達到30mg', 5, 0, 6990, '2024-05-21 00:00:00', 97, 0),
(237, '汪喵星球寵物益生菌 - 體態管理', '犬貓適用，平衡胖瘦菌叢，打造易瘦體質益生元+白腎豆萃取物，穩定血糖血脂膳食纖維助腸胃蠕動，清理宿便', 5, 24, 650, '2024-05-13 00:00:00', 60, 0),
(238, '陪心寵糧Plus+機能保健系列 優腎君腎臟保健', '以下症狀毛孩可適時補充【不愛喝水】【熟齡犬貓】【吃重口味】【經常憋尿】 台灣專利', 5, 23, 730, '2024-05-13 00:00:00', 54, 0),
(239, '陪心寵糧Plus+機能保健系列 小心肝肝臟保健', '以下症狀毛孩可適時補充長期服藥、肝臟保健、熟齡犬貓、油脂攝取過高 專利GC-25黃金蜆萃取精華 專利LSC-X 微脂體薑黃萃取', 5, 23, 620, '2024-05-11 00:00:00', 81, 0),
(240, 'Hyperr 超躍寵物保健品 - 關節超好', '打造關節避震器 毛孩走跳有底氣挑戰最高濃度GAG高活性魚軟骨素濃縮25倍活性綠唇貝關鍵補充II型膠原蛋白', 5, 3, 980, '2024-05-03 00:00:00', 34, 0),
(241, 'Hyperr 超躍寵物保健品 - 腸胃超好', '培養腸胃小尖兵 毛孩軟便有剋星3大菌王 為免疫紮根酵素添加 便便超有形9大功效 專利益生菌K.0.毛孩 消化道問題', 5, 3, 650, '2024-05-22 00:00:00', 42, 0),
(242, 'Lintbells關節營養保健 - YuMOVE優骼服 (驚奇版)', '僵硬關節與年老犬隻特別強度的關節支持YuMOVE Plus優骼服驚奇版(犬用)特別強度的天然配方，讓狗狗煥然一新，舒緩僵硬關節，支持關節結構', 5, 0, 2100, '2024-05-04 00:00:00', 20, 0),
(243, '毛孩時代95%頂級深海魚油', ' 最高純度95%以上Omega-3 針對毛孩身體的高吸收rTG型態 高新鮮度及高純淨度', 5, 0, 7290, '2024-05-04 00:00:00', 79, 0),
(244, '木入森犬寶變不臭(益生菌)', ' 豐富60億有益菌合狗狗需求 加強腸道免疫力 改善消化吸收 減少排便異味', 5, 0, 550, '2024-05-15 00:00:00', 76, 0),
(245, '木入森犬寶珍心動', ' 強化心臟功能 迅速提升體力 維持心肌機能 促進血液循環', 5, 0, 1280, '2024-05-12 00:00:00', 84, 0),
(246, '木入森犬寶D藻鈣 - 30入', ' 顧及助鈣吸收營養 強健骨骼、牙齒發展 避免骨質鬆散脆弱', 5, 0, 350, '2024-05-31 00:00:00', 62, 0),
(247, '木入森犬寶膚立好', ' 皮膚過敏舒緩 調節皮脂分泌與皮膚乾燥 減輕搔癢等皮膚剌激 維持皮膚正常功能', 5, 0, 920, '2024-05-13 00:00:00', 90, 0),
(248, '木入森犬寶有關膝 (關節保健)', ' 改善關節靈活 增加關節潤滑液 提供肌肉發展 幫助軟骨增生', 5, 0, 920, '2024-05-01 00:00:00', 64, 0),
(249, '木入森犬寶好眼力 (葉黃素)', ' 改善視覺敏銳度 補充滋潤營養眼球 維持視網膜正常運作 促進血液循環', 5, 0, 1280, '2024-05-11 00:00:00', 69, 0),
(250, '木入森犬寶痕淨白', '專業去痕 淨白配方眼睛、鼻子、免疫、菌源 4重守護鮮甜雞肉味膠囊粉 好餵食', 5, 0, 920, '2024-05-18 00:00:00', 73, 0),
(251, '木入森寵物魚油粉', ' 超高適口性，8 成以上狗狗也愛吃的「魚油」 無添加，健康純粹無腥味 Omega-3 優質營養補給：強化體質、過敏舒緩 富含 Omega-3 脂肪酸 (EPA / DHA)', 5, 0, 820, '2024-05-03 00:00:00', 25, 0),
(252, '陪心寵糧Plus+機能保健系列 眼睛保健葉黃素', ' 游離型葉黃素：玉米黃素，黃金５：１ 搭配花青素、蝦紅素、玻尿酸的高效配方 提供多重植化素營養，使毛孩擁有健康好眼力', 5, 23, 420, '2024-05-18 00:00:00', 78, 0),
(253, '毛孩時代腎臟專科保健粉', ' 專利蛹蟲草子、有機五味子 保護腎臟 保健食品成分有效率達95% 專業獸醫師、營養師合作開發 歐日大廠指定專利配方', 5, 0, 6390, '2024-05-23 00:00:00', 33, 0),
(254, '汪喵星球軟便剋星保養粉', ' 腸道快速穩定，便便好成形！ 2 天有感！家庭常備應急小幫手 幫助黏膜健康，建立好菌環境、維持消化機能 品牌大廠專利菌株，可直達腸胃發揮作用', 5, 24, 380, '2024-05-08 00:00:00', 52, 0),
(255, '汪喵星球Omega-3 全保養魚油 - 噴霧型', '全台首創噴霧型魚油讓保存、保養都簡單！單方保健 X 單一小型魚種，減少毛孩過敏機率', 5, 24, 450, '2024-05-30 00:00:00', 38, 0),
(256, 'tomlyn威隆獸醫配方系列 - 泌尿加強錠 (通用)', '維持泌尿道健康防止細菌附著到泌尿道 每次排尿都可以清潔膀胱和泌尿道', 5, 0, 1520, '2024-05-03 00:00:00', 40, 0),
(257, 'Broadreach NATURE+眼睛營養保健', ' 科學實證 獸醫研發配方 包含VIS-EASE天然藥草成分組成的獨特混合物 英國製造針對眼睛健康所設計的營養保健品，由獸醫專家研發，並經過科學驗證支持。', 5, 0, 1480, '2024-05-18 00:00:00', 71, 0),
(258, 'Lintbells膚被毛營養保健 - YuDERM優美登藍油', ' 協助舒緩敏感皮膚 協助減少發癢搔抓 支持皮膚健康 英國獸醫通路皮膚與被毛保健品牌排名第一針對搔癢與敏感皮膚犬隻的必需脂肪酸(EFA)保健營養品。', 5, 0, 1250, '2024-05-07 00:00:00', 97, 0),
(259, '汪喵星球寵物腸胃益生菌', ' 犬貓皆適用，幫助腸胃健康、提高抵抗力 嚴選耐酸鹼、高定殖率及專利包埋益生菌種 高達 70億活菌，足量補充才有效！', 5, 24, 650, '2024-05-20 00:00:00', 46, 0),
(260, '陪心寵糧Plus+機能保健系列 腸胃保健益生菌', '專利天然包埋結構，耐膽鹽、胃酸 MIT台灣研發專利益生菌 維持腸道健康，幫助好菌生長、幫助消化、便便好漂亮！', 5, 23, 599, '2024-05-04 00:00:00', 97, 0),
(261, '陪心寵糧Plus+機能保健系列 3C極淨魚油', '使用阿拉斯加冷壓精粹的深海鱈魚油 還原三酸甘油酯（rTG）型態 85%高濃度omega-3，成份單純乾淨', 5, 23, 580, '2024-05-21 00:00:00', 43, 0),
(262, '陪心寵糧Plus+功能型機能粉 腸道保健', ' 適合腸道敏感，容易有軟便、排便不順的狗狗 六種複方益生菌ｘ益生質ｘ綜合蔬果酵素的黃金組合 有效改善腸道菌叢生態，幫助好菌生長，維持消化道機能', 5, 23, 699, '2024-05-11 00:00:00', 5, 0),
(263, '陪心寵糧Plus+功能型機能粉 皮毛保健', ' 適合需要滋養皮膚、毛色黯淡的狗狗 膠原蛋白ｘ蝦紅素ｘ免疫調節益生菌ｘ黑芝麻的黃金組合 提供皮膚與毛髮生長需要的營養素，使毛色健康亮麗', 5, 23, 699, '2024-05-30 00:00:00', 99, 0),
(264, '陪心寵糧Plus+功能型機能粉 關節保健', ' 適合曾有關節受損，邁入老年期與過胖的狗狗 MSMｘ葡萄糖胺ｘ綠貽貝ｘ非變性二型膠原蛋白 補充關節囊液的組成要素，維持關節活動力和軟骨健康', 5, 23, 699, '2024-05-26 00:00:00', 82, 0),
(265, '陪心寵糧Plus+機能保健系列 鱉蛋爆毛粉', '新鮮鱉蛋ｘ益生菌ｘ膠原蛋白三種皮膚護理組合 使毛髮濃密亮麗有光采，維持皮毛良好狀態', 5, 23, 490, '2024-05-01 00:00:00', 57, 0),
(266, '不麻煩即期品專區 - 有機薑黃粉', ' 內服外用皆可 10公斤以下的狗 : 每日食用<0.5公克 10公斤以上的狗 : 每日食用<1.5公克 ', 5, 0, 250, '2024-05-18 00:00:00', 38, 0),
(267, '毛孩時代寵物保健品 - 情緒穩定保養粉', ' 含減少焦慮成分 具提升睡眠品質成分 可有效舒緩情緒 天然不傷身 擁有日本專利', 5, 0, 4690, '2024-05-09 00:00:00', 45, 0),
(268, '毛孩時代8合1游離型葉黃素', ' 游離型的葉黃素 吸收率佳 效果好 含有玉米黃素 搭配效果加倍 含蝦紅素、黑豆等複合成分 達到全方位護眼保健 國際專利原料 足量配方', 5, 0, 6490, '2024-05-28 00:00:00', 51, 0),
(269, '毛孩時代免疫力平衡保健粉', ' 保健食品成分有效率達95% 專業獸醫師、營養師合作開發 歐日大廠指定專利配方', 5, 0, 7260, '2024-05-14 00:00:00', 46, 0),
(270, '毛孩時代皮膚專科益生菌', ' 五國國際專利+全菌種具菌株編號 世界唯一蛋白質專利 雙層包埋技術 高純度Omega3添加+專利玄米賽洛美', 5, 0, 6150, '2024-05-15 00:00:00', 35, 0),
(271, '毛孩時代泌尿道保健粉', ' CranPure 五項專利蔓越莓 足量Ａ型原花青素 美國40年DDS-1專利泌尿道益生菌 專利UTI-Best 洛神花 西班牙專利南瓜籽', 5, 0, 5400, '2024-05-11 00:00:00', 9, 0),
(272, '毛孩時代腸胃專科益生菌', ' 菌數30億 犬貓專用多元化5隻益菌 菌數含超過20億 美國n.zimes酵素+比利時果寡糖', 5, 0, 5490, '2024-05-25 00:00:00', 94, 0),
(273, '毛孩時代6合1專利化毛粉', ' 含天然分解毛髮、促進腸胃運動成分 含天然油脂，加速毛髮排出 不含礦物油、防腐劑 不含增味劑', 5, 0, 3630, '2024-05-01 00:00:00', 50, 0),
(274, '法國法典酵母鋅爆毛錠', ' 豐富維生素B群及微量元素鋅、硒，調節皮膚代謝，美肌爆毛 啤酒酵母菌調理腸胃，促進吸收 高適口性 增強免疫力 適合換毛期使用', 5, 0, 600, '2024-05-29 00:00:00', 38, 0),
(275, '汪喵星球免疫力提升保養粉', ' 日本 KT-11 益源質，幫助維持口腔健康 美國專利乳鐵蛋白 x 澳洲有機褐藻糖膠 全齡犬貓日常補充;特別推薦體質虛弱、老幼犬貓加強保養', 5, 24, 880, '2024-05-16 00:00:00', 41, 0),
(276, '汪喵星球泌尿道健康保養粉', '有效劑量提高＋D-甘露糖plus 嚴選國際專利複方，從情緒壓力、泌尿道生態、黏膜健康到排尿機能，全面支持泌尿道健康 犬貓皆適用', 5, 24, 650, '2024-05-02 00:00:00', 19, 0),
(277, '汪喵星球紓壓胺基酸保養粉', ' 嚴選國際專利成分，加強有效劑量，安撫毛孩更快更明顯 特別適合毛孩外出就醫、搭車移動前食用', 5, 24, 450, '2024-05-29 00:00:00', 90, 0),
(278, '汪喵星球情緒好放鬆保養粉', ' 適合有長期情緒壓力困擾的毛孩每日補充 嚴選國際專利成分與複方設計，透過天然胺基酸，幫助毛孩減少壓力！', 5, 24, 480, '2024-05-29 00:00:00', 37, 0),
(279, '汪喵星球85% Omega-3 機能魚油', ' 西班牙頂級魚油+日本專利輔 Q10 全齡毛孩機能保健 熟齡＆部分品種犬貓加強補充', 5, 24, 790, '2024-05-20 00:00:00', 22, 0),
(280, '汪喵星球TAURINE 牛磺酸', '市售90%以上的牛磺酸原料來源不明、或來自中國，汪喵選擇來自日本 KASANO 有檢驗報告的純牛磺酸，搭配 10% 的膳食纖維打造！', 5, 24, 320, '2024-05-23 00:00:00', 21, 0),
(281, '汪喵星球亮毛護膚鱉蛋粉', ' 天然鱉蛋 x 五大國際專利原料，讓毛孩皮膚健康、毛髮濃密 汪喵選用台灣無毒飼養鱉蛋，不添加澱粉，成分來源透明', 5, 24, 380, '2024-05-30 00:00:00', 35, 0),
(282, '自然食寵立善保健品 - 綜合完整型營養粉', ' 法國酵母螯合型維生素，經由酵母螯合轉化的天然營養素，更安全、生物利用率更高！', 5, 0, 900, '2024-05-07 00:00:00', 48, 0),
(283, '自然食寵立善保健品 - 皮膚毛髮保健', '能有效防止皮膚內層水分散失，穩定肌膚屏障功能，維持皮膚的健康、彈潤！可針對皮膚、毛髮的健康，提供修復與再生的營養，重拾健康皮毛應有的柔順滑！', 5, 0, 1000, '2024-05-01 00:00:00', 35, 0),
(284, '自然食寵立善保健品 - UC-II 全方位關節保養粉', ' 重量級採用美國專利 UC-II非變性二型膠原蛋白，有效保護關節活動力。', 5, 0, 1000, '2024-05-13 00:00:00', 3, 0),
(285, '自然食寵立善保健品 - 抗氧護眼葉黃素', '美國醫師第一推薦品牌FloraGLO專利游離型葉黃素，天然金盞花萃取，非酯化分子小，吸收率絕佳。', 5, 0, 800, '2024-05-23 00:00:00', 14, 0),
(286, '自然食寵立善保健品 - rTG 超級魚油', '80%高純度、高吸收率的 rTG 型魚油，突破以往傳統EE型（酯化型）需要酵素分解才能吸收，以及TG型純度低的缺點，只需一點點即可補充一日Omega 3所需。', 5, 0, 495, '2024-05-04 00:00:00', 6, 0),
(287, 'PETSEEK半圓北歐雙肩寵物包', '42L大容量 八公斤肥貓無憂正面開口設計 進出很自由正面可拆卸捲簾 透氣互動兩不誤全面通風 自在清新又透氣減重肩帶 不重不受累背板可分段折疊', 6, 0, 1190, '2024-05-31 00:00:00', 61, 0),
(288, 'PETSEEK雙面透明摺疊寵物包', '立體大空間 主子不憋屈空間足夠寬敞 從小狗用到大狗循環通風運作三步折疊 輕鬆收納防開型拉鍊安全出遊', 6, 0, 1270, '2024-05-04 00:00:00', 77, 0),
(289, 'PETSEEK初見寵物包', '初次見面就想帶你看遍世界的最美寬大空間 八公斤寵物輕鬆裝正面大捲簾隱密視窗設計 清晰視野也有滿滿安全感頂部6孔+兩側網窗+正面門窗', 6, 0, 1190, '2024-05-07 00:00:00', 66, 0),
(290, '未卡寵物外出包 - 紫羅蘭之旅', ' 迷人新色 開啟優雅之旅 超大空間 躺臥自如 收放自如 秒變寬敞 三面大開口 靈活進出才方便', 6, 0, 1950, '2024-05-18 00:00:00', 81, 0),
(291, '未卡咖啡拾便器套裝', ' 綠色環保 便捷使用 可與任何牽引繩搭配 環保材質 可分解 無污染 任性加厚 不破不漏', 6, 0, 290, '2024-05-07 00:00:00', 13, 0),
(292, 'pidan新風寵物外出箱', '全新的外出方式 各有各的輕鬆箱內設置風扇 獨立新風系統 外出多久都安心減震設計 路面不平也無妨圓形視窗和私密箱體 隨時安心看世界', 6, 0, 2990, '2024-05-31 00:00:00', 35, 0),
(293, 'pidan寵物拓展背包 - 臨時住所', '拓展設計可增大一倍內部空間 可躺可睡 外出時的臨時住所3秒即可完成拓展及閉合大面積網格布使用 保持內部空氣流通透明視窗滿足寵物好奇心', 6, 0, 2490, '2024-05-06 00:00:00', 24, 0),
(294, '未卡櫻花拾便器套裝', ' 綠色環保 便捷使用 可與任何牽引繩搭配 環保材質 可分解 無污染 任性加厚 不破不漏', 6, 0, 290, '2024-05-18 00:00:00', 39, 0),
(295, '未卡花花拾便器套裝', ' 綠色環保 便捷使用 可與任何牽引繩搭配 環保材質 可分解 無污染 任性加厚 不破不漏', 6, 0, 290, '2024-05-20 00:00:00', 58, 0),
(296, 'pidan寵物背包', '輕便、通透、超易用的pidan寵物出行背包！前所未有大尺寸可背、可拎、還有拉桿箱專用綁帶折疊收納', 6, 0, 1690, '2024-05-18 00:00:00', 58, 0),
(297, 'PETHROOM寵物防蟲散步 LED 燈', '使用100%精油，蟲子OUT，愛犬SMILE強力的一鍵式固定功能，活躍活動也不掉落內置芳香劑結構，不會有直接舔咬的問題', 6, 0, 490, '2024-05-26 00:00:00', 24, 0),
(298, '未卡寵物泡泡箱', ' 出行方便 透明外觀可觀察寵物情況 空間容納大 多方位透氣孔 保證空氣流通 抽拉輕鬆 輪軸360度轉動不受拘束', 6, 0, 1950, '2024-05-04 00:00:00', 8, 0),
(299, '未卡X 皮克斯 聯名外出包 - 熊抱哥', ' 一鐽解超大隱藏空間 盡享寬適 三面開口想從哪進就從哪進 出入無憂 寬敞側袋 零碎物件收納區 可拆卸熊抱哥毛絨斜背包 一包兩用', 6, 0, 1950, '2024-05-04 00:00:00', 28, 0),
(300, 'PETSEEK多功能摺疊便攜手提包', '所謂的，一包三用手提、跨包、雙肩包 任意出行 一包三用僅1.29kg 搭配五公斤以內寵物 輕便容量大底墊支撐 外出更穩固三面通風 透氣不悶熱超萌探頭設計 隨時關注&摸貓', 6, 0, 890, '2024-05-31 00:00:00', 13, 0),
(301, 'PETSEEK折疊式寵物單肩包', '大空間 通風透氣摺疊收納 居家外出加大空間 寵愛牠', 6, 0, 890, '2024-05-19 00:00:00', 86, 0),
(302, 'PETSEEK寵物拉桿方包', '四重貼新用法 滿足多種出行需求拉桿包、雙肩包、手提包、車載包靜音耐磨萬用輪 加持更省力三段高度可調 適配不同身高*拉桿顏色灰、白隨機出貨，不影響產品使用', 6, 0, 2190, '2024-05-12 00:00:00', 64, 0),
(303, 'FurryTail寵物露營背包套裝組', '帶著愛寵逃離城市 奔赴野性浪漫前所未有大尺寸折疊收納 花樣出行頂面大孔徑透氣網格佈設計 拒絕悶熱', 6, 0, 1650, '2024-05-04 00:00:00', 35, 0),
(304, 'HOUSMALLEggy 小宅包', '直接水洗不怕髒汙可承受六公斤愛寵安全勾繩設計底部深碗型設計 出外也有安全感內置置物袋', 6, 0, 3230, '2024-05-30 00:00:00', 86, 0),
(305, '汪喵星球小方塊寵物外出包', ' 首創重心調整設計，省力20% 市售唯一，背包專屬雨衣 立方大空間，毛孩舒適又安穩', 6, 24, 2680, '2024-05-12 00:00:00', 74, 0),
(306, 'FikaGOFLYTTA PLUS 分離式座艙寵物推車 – 大款', '車艙分離 一車兩用獨立座艙 輕巧便攜一秒自動快收車架頂棚前後雙開卡扣座艙內圍易拆易洗全車避震 一踩雙剎實用美學 北歐質感', 6, 0, 9860, '2024-05-14 00:00:00', 57, 0),
(307, 'FikaGOFLYTTA 分離式座艙寵物推車 – 小款', '車艙分離 一車兩用獨立座艙 輕巧便攜一秒自動快收車架頂棚前後雙開卡扣座艙內圍易拆易洗全車避震 一踩雙剎實用美學 北歐質感', 6, 0, 8860, '2024-05-21 00:00:00', 80, 0),
(308, 'FikaGOAGILE 寵物推車', ' 單手操作 手車可站立 前後雙開 高景觀視野 巧小體積 平整好收納 全車避震 前輪可定向 寬敞座艙 舒適毛孩乘坐 實用美學 北歐質感設計', 6, 0, 9980, '2024-05-03 00:00:00', 90, 0),
(309, 'MAOGOUBLUE胸背帶牽引繩', '採用材質的柔軟耐磨，與同色系的環扣渾然一體。有手牽、斜挎多種使用方始，解放雙手，讓毛孩子們與鏟屎官有更好的互動體驗。', 6, 0, 490, '2024-05-28 00:00:00', 39, 0),
(310, 'HiDREAM寵物出行托特斜挎包', ' 10cm海綿寬肩帶緩解肩膀久背負擔 28cm可調式織帶身高150-190cm均可使用 側邊收納袋可收納零食、手機、行動電源等', 6, 0, 920, '2024-05-24 00:00:00', 61, 0),
(311, 'Mango超大貓包', ' 超大喵包 可橫可豎 大容量 大空間 前背視角 隨時安撫 三面透氣窗 不憋悶 雙面設計 隨意進出', 6, 0, 1450, '2024-05-03 00:00:00', 53, 0),
(312, 'MewooFun寵物夜間警示燈', ' 夜間照明 安全出行 安全警示 防誤食 生活防水 雨天無懼 USB充電 持久續航', 6, 0, 450, '2024-05-29 00:00:00', 35, 0),
(313, 'FikaGOTRUFFLE 露踏踏寵物外出包', '可搭配FikaGO系列推車使用一包多用 怎麼用都合用自在坐臥 毛孩愛減壓降負 重量輕', 6, 0, 2780, '2024-05-19 00:00:00', 63, 0),
(314, 'made of organics有機清潔護理系列 - 防蚊驅蟲噴霧', '添加了比避蚊胺更持久的綠花白千層油含有大量親膚有機蘆薈、有機金盞花等天然植物成分，即使是皮膚敏感的狗狗也可以放心使用', 6, 0, 950, '2024-05-09 00:00:00', 99, 0),
(315, 'FikaGO寵物推車專用配件 - 杯架', ' 適用FREE TO GO、AGILE、FLYTTA系列車款 使用本商品不影響收車功能', 6, 0, 880, '2024-05-25 00:00:00', 18, 0),
(316, 'FikaGO寵物推車專用配件 - 手把保護套', ' 防污耐髒易清潔 避免細菌附著 保持衛生 魔鬼粘設計佳 安裝方便 潛水衣布材質 具有彈性 延長推車使用年限', 6, 0, 680, '2024-05-23 00:00:00', 3, 0),
(317, 'FikaGO寵物推車專用配件 - FLYTTA 汽車座椅保護墊', 'ISOFIX兼容，將後向安全扣連接到車輛ISOFIX系統，前向安全扣連結到座艙扣環，再搭配推車附件揹帶環繞汽車座椅頭枕可加強固定力道', 6, 0, 1280, '2024-05-23 00:00:00', 22, 0),
(318, "FikaGOLet's Fika 野餐墊 - 北歐風", '底部防水底膜防潮隔熱絲棉表布觸感舒適柔軟滌淪精細包邊平穩牢固大尺寸設計出遊不擁擠收納提手設計方便攜帶輕', 6, 0, 799, '2024-05-07 00:00:00', 57, 0),
(319, '未卡花花胸背帶牽引繩套裝 - 粉綠', ' 柔軟潛水布內襯 舒適包裹愜意心情 貼心日字釦 胸圍自由調整 快套式胸背 三步驟輕鬆上身', 6, 0, 590, '2024-05-11 00:00:00', 33, 0),
(320, '未卡X 皮克斯 胸背帶牽引繩套裝 - 熊抱哥', ' 穿上熊抱哥胸背 一起環遊世界 甜酷出行 點亮好心情 針對狗狗身形設計 有效防掙脫', 6, 0, 790, '2024-05-17 00:00:00', 95, 0),
(321, '未卡Chroma胸背帶牽引繩套裝 ', ' 受力均勻 不勒脖子 柔軟潛水布內襯 親和舒適 輕盈包裹 自在出街 快套式胸背 三步驟輕鬆上身', 6, 0, 590, '2024-05-14 00:00:00', 61, 0),
(322, 'HiDREAM前後可背托特寵物雙肩包', ' 人體工學設計 護脊三角受力 全新設計背帶 更符合人體舒適度 頂部雙重開口 防止愛寵脫逃', 6, 0, 1290, '2024-05-16 00:00:00', 4, 0),
(323, 'MAOGOUBLUE棉花糖牽引繩', ' 棉花糖般軟糯Q彈的手感 雙段式牽引設計 可移動矽膠束繩環 萬向旋轉掛鉤', 6, 0, 450, '2024-05-10 00:00:00', 8, 0),
(324, 'HiDREAM寵物車載窩', ' 只需要一個 四季通用 陷入雲端舒適感 不受限制 三層結構設計 層層緩壓', 6, 0, 1550, '2024-05-23 00:00:00', 20, 0),
(325, 'HOUSMALLScout 寵物外出定距牽繩', ' 長牽繩設計 美觀好搭配 輕量高強度尼龍織帶 皮革握把 舒適且親膚的握感', 6, 0, 560, '2024-05-25 00:00:00', 82, 0),
(326, 'PURLAB寵物自背包 - 遊戲機', ' 萌趣背包 可愛出街 多處調節設計 胸背穩穩貼合 加粗織帶 肆意奔跑不勒胸 防水帆布 耐髒好清理', 6, 0, 290, '2024-05-17 00:00:00', 84, 0),
(327, 'PURLAB寵物自背包 - 夾心餅乾', ' 人寵共用親子款 強力魔鬼氈 自己的東西自己背 多種用法 告別閒置 優質五金 使用感UP', 6, 0, 290, '2024-05-11 00:00:00', 4, 0),
(328, 'MewooFun寵物外出擠壓水壺 - 背帶款', ' 折疊設計 輕鬆出行 餵食餵水 一個搞定 擠壓出水 滴水不漏 手拎掛繩 攜帶方便', 6, 0, 390, '2024-05-12 00:00:00', 10, 0),
(329, 'HiDREAM寵物前抱式托特背包', ' 豪放大開口 裝崽不卡頓 內設穩固底托 衝減震 解放雙手 輕鬆出行', 6, 0, 950, '2024-05-10 00:00:00', 1, 0),
(330, 'HiDREAM隨行斜挎小包', ' 寬大口徑 收拿方便 正面袖口 隨取隨用 可調節肩帶長度 尼龍材質 髒污好打理', 6, 0, 420, '2024-05-18 00:00:00', 96, 0),
(331, 'FikaGOFREE TO GO 寵物推車', ' 業界領先一秒自動收車 操作easy只需單手 四輪規格大升級 前後頂蓬雙開 更貼近互動 座艙加長升高 舒適超有感 輕巧隨行 滿足外出所有需求', 6, 0, 7680, '2024-05-15 00:00:00', 90, 0),
(332, 'FurryTail露營胸背套裝 (含牽繩 & 拾便袋)', ' 露營胸背套裝含牽繩 & 拾便袋 一組搞定 減壓胸背帶 極致呵護寵 防水衝鋒衣面料 一抖就乾淨 自帶反光條 夜晚散步更安心', 6, 0, 990, '2024-05-10 00:00:00', 73, 0),
(333, 'PETSEEK福利品專區 - 寵物拉桿方包', '四重貼新用法 滿足多種出行需求拉桿包、雙肩包、手提包、車載包靜音耐磨萬用輪 加持更省力三段高度可調 適配不同身高', 6, 0, 1860, '2024-05-06 00:00:00', 26, 0),
(334, 'PURLAB寵物拾便袋包 - 夾心餅乾', ' 小餅乾大容量 可存2捲 底部1.5cm 洞口 方便隨時抽取 優質登山扣 百搭掛法 方便出行', 6, 0, 190, '2024-05-29 00:00:00', 23, 0),
(335, 'HiDREAM寵物便攜斜挎包 - 全棉款', '攜寵出行 久背不累騎車開車都可使用增加愛寵安全感最大可容納7kg內小可愛簡便口袋 可收納手機小物', 6, 0, 750, '2024-05-27 00:00:00', 68, 0),
(336, 'HiDREAM摺疊矽膠隨行碗', ' 可折疊的寵物矽膠隨行碗 食用級別矽膠，無毒無異味 室內室外裝水裝糧，狗貓通用', 6, 0, 150, '2024-05-01 00:00:00', 5, 0),
(337, 'KAMA MUTA幻想家經典系列 - 隨行撿便袋收納盒', ' 享受每一次與你無畏懼的探索 仿尼龍繩帶設計 輕鬆固定耐磨損 適用於各種牽引繩和包包', 6, 0, 260, '2024-05-03 00:00:00', 61, 0),
(338, 'APOMAN北美荊芥系列 - 人體防蚊液', ' 這是一瓶貓家庭專用的防蚊液！不再擔心使用時會影響到貓咪～ 選用貓薄荷精油防蚊成分，無添加DEET、Picaridin、PMD 、除蟲菊精、類除蟲菊精', 6, 0, 760, '2024-05-17 00:00:00', 40, 0),
(339, '未卡花花車載包', ' 頂部超大開口設計 方便寵物進出 內置可收緊防跑網兜，與金屬卡扣可調節安全繩，雙重保護 可調節扣環設計，適用於大多數汽車座椅與類型', 6, 0, 1950, '2024-05-29 00:00:00', 79, 0),
(340, '未卡草莓拾便器套裝', ' 綠色環保 便捷使用 可與任何牽引繩搭配 環保材質 可分解 無污染 任性加厚 不破不漏', 6, 0, 290, '2024-05-13 00:00:00', 55, 0),
(341, '未卡Chroma拾便器', ' 綠色環保 便捷使用 拾便袋100%可降解 可與任何牽引繩搭配 環保材質 可分解 無污染 任性加厚 不破不漏', 6, 0, 350, '2024-05-05 00:00:00', 68, 0);

-- --------------------------------------------------------

--
-- 資料表結構 `products_tags`
--

CREATE TABLE `products_tags` (
  `id` int(13) NOT NULL,
  `prod_id` bigint(11) NOT NULL,
  `tag_id` smallint(4) NOT NULL
) ENGINE=InnoDB DEFAULT CHARSET=utf8mb4 COLLATE=utf8mb4_unicode_ci;

--
-- 傾印資料表的資料 `products_tags`
--

INSERT INTO `products_tags` (`id`, `prod_id`, `tag_id`) VALUES
(1, 10, 1),
(2, 12, 7),
(3, 13, 7),
(4, 14, 5),
(5, 15, 1),
(6, 15, 5),
(7, 17, 5),
(8, 18, 4),
(9, 19, 5),
(10, 20, 4),
(11, 21, 5),
(12, 22, 5),
(13, 23, 1),
(14, 24, 1),
(15, 25, 4),
(16, 27, 5),
(17, 28, 1),
(18, 29, 1),
(19, 29, 5),
(20, 45, 4),
(21, 46, 1),
(22, 48, 1),
(23, 48, 4),
(24, 49, 1),
(25, 49, 4),
(26, 50, 1),
(27, 51, 1),
(28, 51, 4),
(29, 52, 1),
(30, 52, 4),
(31, 53, 1),
(32, 54, 4),
(33, 55, 4),
(34, 56, 4),
(35, 57, 6),
(36, 57, 7),
(37, 58, 4),
(38, 59, 4),
(39, 60, 4),
(40, 70, 4),
(41, 71, 4),
(42, 72, 4),
(43, 75, 4),
(44, 76, 4),
(45, 77, 1),
(46, 78, 7),
(47, 79, 7),
(48, 80, 4),
(49, 81, 4),
(50, 82, 4),
(51, 83, 4),
(52, 83, 5),
(53, 84, 5),
(54, 85, 1),
(55, 86, 1),
(56, 87, 4),
(57, 88, 1),
(58, 89, 1),
(59, 89, 4),
(60, 90, 1),
(61, 91, 4),
(62, 98, 4),
(63, 99, 1),
(64, 100, 1),
(65, 101, 1),
(66, 102, 1),
(67, 103, 1),
(68, 104, 1),
(69, 104, 3),
(70, 104, 4),
(71, 104, 5),
(72, 105, 1),
(73, 105, 4),
(74, 106, 4),
(75, 109, 1),
(76, 109, 4),
(77, 109, 5),
(78, 110, 1),
(79, 110, 4),
(80, 110, 5),
(81, 113, 4),
(82, 116, 4),
(83, 116, 5),
(84, 117, 4),
(85, 120, 4),
(86, 121, 4),
(87, 122, 3),
(88, 126, 1),
(89, 127, 1),
(90, 127, 5),
(91, 128, 4),
(92, 129, 1),
(93, 130, 4),
(94, 131, 4),
(95, 132, 5),
(96, 133, 1),
(97, 134, 4),
(98, 135, 4),
(99, 138, 5),
(100, 138, 7),
(101, 139, 1),
(102, 139, 3),
(103, 139, 5),
(104, 146, 5),
(105, 148, 4),
(106, 149, 4),
(107, 150, 4),
(108, 151, 5),
(109, 154, 2),
(110, 154, 7),
(111, 162, 2),
(112, 163, 2),
(113, 164, 2),
(114, 344, 1),
(115, 344, 3),
(116, 344, 4),
(117, 345, 3),
(118, 345, 4),
(119, 345, 5),
(120, 346, 1),
(121, 346, 3),
(122, 346, 4),
(123, 348, 2),
(124, 348, 3),
(125, 348, 4),
(126, 349, 2),
(127, 349, 3),
(128, 349, 3),
(129, 350, 1),
(130, 350, 4),
(131, 350, 7),
(132, 354, 1),
(133, 354, 3),
(134, 354, 4),
(135, 347, 1),
(136, 347, 3),
(137, 347, 4);

-- --------------------------------------------------------

--
-- 資料表結構 `prod_tags`
--

CREATE TABLE `prod_tags` (
  `id` smallint(4) NOT NULL,
  `name` varchar(255) NOT NULL
) ENGINE=InnoDB DEFAULT CHARSET=utf8mb4 COLLATE=utf8mb4_unicode_ci;

--
-- 傾印資料表的資料 `prod_tags`
--

INSERT INTO `prod_tags` (`id`, `name`) VALUES
(1, '魚'),
(2, '海鮮'),
(3, '鴨肉'),
(4, '雞肉'),
(5, '羊肉'),
(6, '豬肉'),
(7, '牛肉');

--
-- 已傾印資料表的索引
--

--
-- 資料表索引 `prod_brands`
--
ALTER TABLE `prod_brands`
  ADD PRIMARY KEY (`id`);

--
-- 資料表索引 `prod_categories`
--
ALTER TABLE `prod_categories`
  ADD PRIMARY KEY (`id`);

--
-- 資料表索引 `prod_images`
--
ALTER TABLE `prod_images`
  ADD PRIMARY KEY (`id`),
  ADD KEY `prod_id` (`prod_id`);

--
-- 資料表索引 `products`
--
ALTER TABLE `products`
  ADD PRIMARY KEY (`id`);

--
-- 資料表索引 `prod_tags`
--
ALTER TABLE `prod_tags`
  ADD PRIMARY KEY (`id`);

--
-- 資料表索引 `products_tags`
--
ALTER TABLE `products_tags`
  ADD PRIMARY KEY (`id`);

--
-- 資料表索引 `products_tags`
--
ALTER TABLE `products_tags`
  ADD PRIMARY KEY (`id`),
  ADD KEY `prod_id` (`prod_id`);

--
-- 在傾印的資料表使用自動遞增(AUTO_INCREMENT)
--

--
-- 使用資料表自動遞增(AUTO_INCREMENT) `prod_brands`
--
ALTER TABLE `prod_brands`
  MODIFY `id` int(7) NOT NULL AUTO_INCREMENT, AUTO_INCREMENT=26;

--
-- 使用資料表自動遞增(AUTO_INCREMENT) `prod_categories`
--
ALTER TABLE `prod_categories`
  MODIFY `id` int(6) UNSIGNED NOT NULL AUTO_INCREMENT, AUTO_INCREMENT=7;

--
-- 使用資料表自動遞增(AUTO_INCREMENT) `prod_images`
--
ALTER TABLE `prod_images`
  MODIFY `id` bigint(11) NOT NULL AUTO_INCREMENT, AUTO_INCREMENT=377;

--
-- 使用資料表自動遞增(AUTO_INCREMENT) `products`
--
ALTER TABLE `products`
  MODIFY `prod_id` bigint(11) NOT NULL AUTO_INCREMENT, AUTO_INCREMENT=342;

--
-- 使用資料表自動遞增(AUTO_INCREMENT) `prod_tags`
--
ALTER TABLE `prod_tags`
  MODIFY `id` smallint(4) NOT NULL AUTO_INCREMENT, AUTO_INCREMENT=8;

  --
-- 使用資料表自動遞增(AUTO_INCREMENT) `products_tags`
--
ALTER TABLE `products_tags`
  MODIFY `id` int(13) NOT NULL AUTO_INCREMENT, AUTO_INCREMENT=138;

-- --------------------------------------------------------
-- --------------------------------------------------------
-- --------------------------------------------------------
-- --------------------------------------------------------
-- --------------------------------------------------------